connector,exchange_symbol,trading_pair,base_asset,quote_asset,is_active,status_detail,permissions_spot,last_price,quote_volume_24h,volume_base_24h,bid_price,bid_quantity,ask_price,ask_quantity,spread_bps,top_of_book_quote,price_tick_estimate,amount_step_estimate,min_order_size_base_estimate,min_notional_quote_estimate,maker_fee_estimate,taker_fee_estimate,rule_estimate_source,raw_trade_side_type,book_crossed,coarse_volume_rank,coarse_spread_rank,coarse_top_rank,coarse_score,best_bid,best_ask,mid_price,spread_abs,bid_top_quote,ask_top_quote,orderbook_levels_bid,orderbook_levels_ask,bid_depth_quote_5bps,ask_depth_quote_5bps,sym_depth_quote_5bps,bid_depth_quote_10bps,ask_depth_quote_10bps,sym_depth_quote_10bps,bid_depth_quote_25bps,ask_depth_quote_25bps,sym_depth_quote_25bps,n_candles,candle_first_ts,candle_last_ts,candle_expected,candle_missing,coverage_ratio,zero_volume_fraction,natr_bps_mean,realized_vol_bps,efficiency_ratio,lag1_return_autocorr,median_quote_volume_per_bar,recent_trade_count,trades_per_minute,trade_quote_volume,trade_quote_volume_per_minute,last_trade_age_sec,median_trade_quote,buy_trade_fraction,vol_to_spread_ratio,volume_rank,depth_rank,spread_rank,top_rank,activity_rank,quality_rank,alpha_natr_score,alpha_efficiency_score,alpha_edge_score,alpha_rank,screen_score,rejection_reasons,rejection_reason,passed_filters
mexc,BTCUSDT,BTC-USDT,BTC,USDT,True,1,True,70768.76,1070586202.51,15352.8134223,70767.9,0.00166127,70767.91,0.06791286,0.0014130553732965615,4820.7052649472,0.01,1e-06,1e-06,1.0,0.0,0.0005,exchangeInfo.quotePrecision/baseSizePrecision/quoteAmountPrecision,1,False,1.0,0.9995044598612488,0.8830525272547076,97.64866204162537,70768.63,70768.64,70768.63500000001,0.00999999999476131,4822.6181675101,4820.7052649472,200,200,428529.5462878183,407980.1065688628,407980.1065688628,462512.2804437485,475332.4261760728,462512.2804437485,543309.8459585211,521232.838838147,521232.838838147,288,1774223400.0,1774309500.0,288,0,1.0,0.0,25.52514756061179,27.998261670326126,0.10231057636086831,-0.038226616461575005,2472057.068627774,500,61.09979633401222,1506313.1847798177,184070.85761056835,4.878597974777222,370.59352140814997,0.494,18063.798519843822,1.0,0.95,0.99,0.88,0.976,1.0,1.0,1.0,0.0,0.6666666666666666,94.25866666666667,[],,True
mexc,DOGEUSDT,DOGE-USDT,DOGE,USDT,True,1,True,0.09401,39780989.26769,427210446.65,0.094,36999.41,0.09401,115718.75,1.06377320355259,5327.93974,1e-05,1.0,1.0,1.0,0.0,0.0005,exchangeInfo.quotePrecision/baseSizePrecision/quoteAmountPrecision,1,False,0.9965312190287413,0.9851337958374629,0.9945490584737364,99.32854311199208,0.094,0.09401,0.094005,9.999999999996123e-06,5327.93974,10878.719687499999,200,200,150037.8663387,111692.2956051,111692.2956051,343535.2629991,255612.2273923,255612.2273923,894165.3187745,1020075.2965339,894165.3187745,288,1774223100.0,1774309200.0,288,0,1.0,0.0,31.21098140634563,33.67483215437053,0.08730158730158745,0.005705894387887832,63326.967546600004,500,24.958402662229616,154740.6020748,7724.156509557403,2.316561222076416,31.520612899999996,0.474,29.33988307104659,0.95,0.92,0.85,0.89,0.938,1.0,1.0,1.0,0.688670564298447,0.8962235214328157,92.13823521432816,[],,True
mexc,SOLUSDT,SOL-USDT,SOL,USDT,True,1,True,91.33,153150319.16,1711766.989,91.31,139.067,91.32,12.542,1.09511033236499,318.61548,0.01,0.01,0.01,1.0,0.0,0.0005,exchangeInfo.quotePrecision/baseSizePrecision/quoteAmountPrecision,1,False,0.9985133795837463,0.9831516352824579,0.9836471754212092,99.1699702675917,91.31,91.32,91.315,0.009999999999990905,25882.093429999997,318.61548,200,200,347510.80828,123507.21582000001,123507.21582000001,801603.03306,567093.54775,567093.54775,1576746.06927,1469582.20519,1469582.20519,288,1774223100.0,1774309200.0,288,0,1.0,0.0,34.78972338312858,37.04307068607482,0.11371841155234655,0.03462876399075665,306580.311135,500,42.67425320056899,286377.61161,24441.90141763869,5.109758615493774,46.058415,0.498,31.768235907332755,0.98,0.96,0.83,0.63,0.9594999999999999,1.0,1.0,1.0,0.6077254697555748,0.8692418232518583,91.2464182325186,[],,True
mexc,BNBUSDT,BNB-USDT,BNB,USDT,True,1,True,638.3,50201212.89,78664.6794,638.3,2.6995,638.31,8.9856,0.156664917241615,1723.0908499999998,0.01,0.001,0.001,1.0,0.0,0.0005,exchangeInfo.quotePrecision/baseSizePrecision/quoteAmountPrecision,1,False,0.9970267591674926,0.998017839444995,0.9890981169474727,99.56888007928643,638.3,638.31,638.305,0.009999999999990905,1723.0908499999998,5735.598335999999,200,200,80353.416111,116261.825625,80353.416111,121528.374903,134181.157646,121528.374903,169642.909314,157839.393337,157839.393337,288,1774223100.0,1774309200.0,288,0,1.0,0.0,21.186030842280697,23.98281286533158,0.055113439770648816,0.0050042081312921555,73001.09303199999,500,31.982942430703627,84455.944068,5402.299194115139,5.5938286781311035,25.2974405,0.51,135.2314941679428,0.96,0.89,0.98,0.82,0.9495,1.0,1.0,1.0,0.0,0.6666666666666666,91.14066666666666,[],,True
mexc,XRPUSDT,XRP-USDT,XRP,USDT,True,1,True,1.4312,114886451.0054,81219520.43,1.4309,276.02,1.4311,10472.65,0.6988364373317654,394.957018,0.0001,0.1,0.1,1.0,0.0,0.0,exchangeInfo.quotePrecision/baseSizePrecision/quoteAmountPrecision,1,False,0.998017839444995,0.9801783944499505,0.9603567888999008,98.60257680872151,1.4309,1.431,1.4309500000000002,9.999999999998899e-05,394.957018,1483.61787,200,200,75289.852373,116271.408187,75289.852373,338465.830236,444768.117644,338465.830236,672387.883409,807758.809502,672387.883409,288,1774223100.0,1774309200.0,288,0,1.0,0.0,32.042499267585335,31.803792336448144,0.06804374240583226,-0.01107111875868554,237757.96581800003,500,30.425963488843813,356439.12008300005,21690.00730728195,15.28899097442627,58.4375795,0.516,45.851214326956296,0.97,0.94,0.96,0.69,0.8484999999999999,1.0,1.0,1.0,0.13829285576812347,0.7127642852560411,90.26964285256041,[],,True
mexc,LTCUSDT,LTC-USDT,LTC,USDT,True,1,True,55.59,10164782.55,184745.3711,55.59,162.365,55.6,36.4416,1.7987229067358594,2026.1529600000001,0.01,0.001,0.001,1.0,0.0,0.0005,exchangeInfo.quotePrecision/baseSizePrecision/quoteAmountPrecision,1,False,0.9890981169474727,0.9737363726461843,0.9910802775024777,98.56541129831517,55.59,55.6,55.595,0.00999999999999801,9025.870350000001,2026.1529600000001,200,200,45348.670062000005,27137.187096,27137.187096,95407.460592,111470.12143900001,95407.460592,251152.832382,294021.405615,251152.832382,288,1774223100.0,1774309200.0,288,0,1.0,0.0,23.874276308366884,25.27942169335093,0.10899470899470884,-0.007157387291148077,17199.334566999998,500,25.641025641025642,97507.19646300001,5000.369049384616,8.086389064788818,33.04782,0.522,13.27290391363921,0.83,0.87,0.78,0.84,0.8815000000000001,1.0,1.0,1.0,1.0,1.0,87.098,[],,True
mexc,TRXUSDT,TRX-USDT,TRX,USDT,True,1,True,0.3071,10829159.1835,35193782.99,0.3069,138516.12,0.307,139356.1,3.2567985670082717,17306.70748,0.0001,1.0,1.0,1.0,0.0,0.0005,exchangeInfo.quotePrecision/baseSizePrecision/quoteAmountPrecision,1,False,0.9900891972249752,0.9578790882061446,0.998017839444995,98.36223984142717,0.307,0.3071,0.30705,9.999999999998899e-05,17306.70748,31796.790048,200,200,114970.846921,118711.69718399999,114970.846921,171968.644869,237744.475104,171968.644869,781821.1500039999,1042945.026016,781821.1500039999,288,1774223400.0,1774309500.0,288,0,1.0,0.003472222222222222,14.347518659651163,11.888349223130257,0.04678362573099501,-0.007136470259887993,23825.731410499997,500,17.626321974148063,248756.11144,8769.310626556991,14.882010459899902,20.540690499999997,0.526,4.405405604446375,0.84,0.91,0.62,0.95,0.7739999999999999,0.9984375000000001,0.9275020732945737,0.9356725146199002,1.0,0.9543915293048246,84.69629029304824,[],,True
mexc,LINKUSDT,LINK-USDT,LINK,USDT,True,1,True,9.1,31398054.852,3490739.8,9.098,206.14,9.099,85.67,1.0990822663070239,546.8499,0.001,0.01,0.01,1.0,0.0,0.0005,exchangeInfo.quotePrecision/baseSizePrecision/quoteAmountPrecision,1,False,0.9955401387512388,0.9826560951437067,0.9762140733399405,98.84539147670961,9.098,9.099,9.098500000000001,0.0009999999999994458,1875.46172,546.8499,200,200,27201.27141,8537.10131,8537.10131,44639.10202,30812.15441,30812.15441,321929.42832,169873.70802,169873.70802,288,1774223100.0,1774309200.0,288,0,1.0,0.0,32.98781114159532,38.44622303696278,0.08781243087812445,0.0019961067359768677,62246.668784999994,500,7.5357950263752835,701523.43642,10573.073646119066,14.673105001449585,39.996645,0.504,30.01395996719714,0.93,0.84,0.8200000000000001,0.74,0.5825,1.0,1.0,1.0,0.666201334426762,0.888733778142254,84.03733778142254,[],,True
mexc,ADAUSDT,ADA-USDT,ADA,USDT,True,1,True,0.2616,19778777.4215,76557702.12,0.2616,1875.2,0.2617,128120.93,3.821899484043149,587.532672,0.0001,0.1,0.1,1.0,0.0,0.0005,exchangeInfo.quotePrecision/baseSizePrecision/quoteAmountPrecision,1,False,0.9940535183349851,0.9494549058473737,0.9658077304261645,97.72547076313182,0.2616,0.2617,0.26165,9.999999999998899e-05,587.532672,33529.247380999994,200,200,587.532672,33529.247380999994,587.532672,102797.23237700001,128161.95603,102797.23237700001,345739.578174,373051.08662899997,345739.578174,288,1774223400.0,1774309500.0,288,0,1.0,0.003472222222222222,34.84949436565234,35.99341462194247,0.08655332302936623,-0.02663690959851159,33413.785518000004,500,12.096774193548386,201312.23392099998,4870.457272282257,16.12013077735901,46.1274405,0.5,9.118370200773938,0.9,0.88,0.5700000000000001,0.76,0.7275,0.9984375000000001,1.0,1.0,1.0,1.0,83.11437500000001,[],,True
mexc,TAOUSDT,TAO-USDT,TAO,USDT,True,1,True,292.54,20670179.61,73678.328,292.53,12.031,292.66,0.248,4.792058873867643,489.17628,0.01,0.01,0.01,1.0,0.0,0.0005,exchangeInfo.quotePrecision/baseSizePrecision/quoteAmountPrecision,1,False,0.9945490584737364,0.9395441030723488,0.8156590683845392,94.50198216055502,292.08,292.22,292.15,0.1400000000000432,9160.212959999999,489.17628,200,200,9647.89685,1039.74256,1039.74256,24126.10948,13624.962070000001,13624.962070000001,114309.29779,65223.62304,65223.62304,288,1774223400.0,1774309500.0,288,0,1.0,0.0,64.94078366646282,52.92885020629242,0.11076499565343369,-0.05693919704573131,52399.83579,500,69.28406466512702,99488.77090999999,13785.972874364894,7.434105396270752,37.86148,0.492,13.551749962965186,0.91,0.75,0.45999999999999996,0.73,0.9475,1.0,1.0,1.0,1.0,1.0,81.41000000000001,[],,True
mexc,GOLD(XAUT)USDT,GOLD(XAUT)-USDT,GOLD(XAUT),USDT,True,1,True,4424.7,162976379.7,37435.25046,4423.3,0.30957,4423.4,0.00245,7.24375226367217,361.27295999999996,0.1,0.001,0.001,1.0,0.0,0.0005,exchangeInfo.quotePrecision/baseSizePrecision/quoteAmountPrecision,1,False,0.9990089197224975,0.9975222993062438,0.5688800792864221,91.2611496531219,4416.0,4419.2,4417.6,3.199999999999818,361.27295999999996,1061.315072,200,200,361.27295999999996,2101.3813680000003,361.27295999999996,102139.294249,85235.027135,85235.027135,176420.309095,157072.224549,157072.224549,288,1774223400.0,1774309500.0,288,0,1.0,0.0,44.24884640150599,34.65971247761446,0.014321990858303721,0.1004967964902081,371554.8292425,500,26.455026455026456,478314.46899,25307.643861904766,7.490886688232422,94.510401,0.474,6.10855324572825,0.99,0.85,0.24,0.67,0.8985000000000001,1.0,1.0,0.2864398171660744,1.0,0.7621466057220249,78.36346605722025,[],,True
mexc,PEPEUSDT,PEPE-USDT,PEPE,USDT,True,1,True,3.443e-06,15172409.446967985,4433333856132.0,3.441e-06,29069749.0,3.443e-06,19455646.0,5.8122638767792125,5984.352364812,1e-09,0.0,0.0,1.0,0.0,0.0005,exchangeInfo.quotePrecision/baseSizePrecision/quoteAmountPrecision,1,False,0.9920713577799801,0.9162537165510406,0.8097125867195243,93.6645193260654,3.44e-06,3.442e-06,3.4409999999999998e-06,1.9999999999997267e-09,33896.99727976,5984.352364812,200,200,33896.99727976,5984.352364812,5984.352364812,39618.658242997,12501.362903774,12501.362903774,51296.375497183995,32563.661952976,32563.661952976,288,1774223400.0,1774309500.0,288,0,1.0,0.0,42.41548378177319,38.79855618330766,0.07974867085548554,0.08695102443701508,26435.8764722005,500,9.124087591240876,456247.093394416,8325.676886759416,14.37710428237915,39.165050587500005,0.51,7.297583984655073,0.87,0.74,0.36,0.9,0.6905,1.0,1.0,1.0,1.0,1.0,76.92599999999999,[],,True
mexc,UNIUSDT,UNI-USDT,UNI,USDT,True,1,True,3.584,6539139.867,1831748.82,3.582,379.24,3.583,297.13,2.791346824843919,343.14391,0.001,0.001,0.001,1.0,0.0,0.0005,exchangeInfo.quotePrecision/baseSizePrecision/quoteAmountPrecision,1,False,0.985629335976214,0.9643211100099108,0.9816650148662042,97.95094152626363,3.582,3.583,3.5825,0.001000000000000334,1358.43768,343.14391,150,200,8013.65456,3150.56279,3150.56279,35819.40926,20733.33582,20733.33582,107361.55963,69419.13289000001,69419.13289000001,288,1774223400.0,1774309500.0,288,0,1.0,0.003472222222222222,33.867506456168506,33.18480884294146,0.062222222222222054,-0.01028315487132771,9044.768,500,6.520321669202347,87257.26456000001,1137.89086581178,23.304351091384888,15.32817,0.48,12.133034187918316,0.76,0.81,0.72,0.65,0.4475,0.9984375000000001,1.0,1.0,1.0,1.0,76.514375,[],,True
mexc,WLDUSDT,WLD-USDT,WLD,USDT,True,1,True,0.3254,5666959.4615,17892420.59,0.325,563.84,0.3251,4761.36,3.0755036137164073,1114.8636479999998,0.0001,0.0,0.0,1.0,0.0,0.0005,exchangeInfo.quotePrecision/baseSizePrecision/quoteAmountPrecision,1,False,0.9826560951437067,0.9598612487611496,0.9226957383548068,96.49653121902875,0.3251,0.3252,0.32515,9.999999999998899e-05,1318.397536,1114.8636479999998,200,200,6187.547536,3509.1497199999994,3509.1497199999994,18451.947463000004,6819.60662,6819.60662,105424.15856000001,27315.594066,27315.594066,288,1774223400.0,1774309500.0,288,0,1.0,0.0,42.48106694596533,35.98748590249937,0.084910237748666,-0.048764493428336456,12412.651077499999,500,13.837638376383763,98515.584761,2726.4460727214023,23.255170822143555,47.02157750000001,0.492,13.81271891748215,0.71,0.64,0.65,0.79,0.685,1.0,1.0,1.0,1.0,1.0,74.78,[],,True
mexc,HBARUSDT,HBAR-USDT,HBAR,USDT,True,1,True,0.09314,5924106.58807,64102283.91,0.0931,134.4,0.09311,10665.4,1.0741715451953513,821.649576,1e-05,0.01,0.01,1.0,0.0,0.0005,exchangeInfo.quotePrecision/baseSizePrecision/quoteAmountPrecision,1,False,0.9836471754212092,0.9836471754212092,0.6000991080277502,90.69375619425173,0.09309,0.0931,0.09309500000000001,9.999999999996123e-06,821.649576,965.40976,200,200,4624.2626804,6671.446919999999,4624.2626804,4737.8988254000005,14673.1834272,4737.8988254000005,63022.8336501,112421.56900440001,63022.8336501,288,1774223400.0,1774309500.0,288,0,1.0,0.0,29.73880025170415,28.937701121631477,0.09217230199166279,0.01246449605657259,7909.479480999999,500,11.614401858304298,75968.7719091,1764.663691268293,64.88148498535156,45.8351498,0.512,27.685336094334712,0.73,0.57,0.84,0.77,0.5185000000000001,1.0,1.0,1.0,0.7438221301888429,0.9146073767296143,73.88807376729615,[],,True
mexc,TRUMPUSDT,TRUMP-USDT,TRUMP,USDT,True,1,True,3.281,3883930.882,1195416.35,3.281,398.07,3.282,179.65,3.047386865762273,416.19042,0.001,0.0,0.0,1.0,0.0,0.0005,exchangeInfo.quotePrecision/baseSizePrecision/quoteAmountPrecision,1,False,0.9796828543111992,0.9608523290386521,0.9717542120911794,97.33894945490584,3.281,3.282,3.2815000000000003,0.0009999999999998899,652.88619,416.19042,153,200,3565.3621900000003,19070.03227,3565.3621900000003,17249.51452,27139.50991,17249.51452,116063.66128999999,114853.27918,114853.27918,288,1774223400.0,1774309500.0,288,0,1.0,0.003472222222222222,33.69001918830629,32.23558798601446,0.054637865311308806,0.04806066762992797,5605.543115,500,8.408071748878923,116235.94635999999,1954.6403535874438,26.638067722320557,24.689615,0.494,11.055379796643926,0.65,0.77,0.6699999999999999,0.71,0.537,0.9984375000000001,1.0,1.0,1.0,1.0,73.82837500000001,[],,True
mexc,WLFIUSDT,WLFI-USDT,WLFI,USDT,True,1,True,0.10419,5661378.72066,56732386.15,0.10418,52689.76,0.1042,13161.64,1.919570016316933,1371.442888,1e-05,0.0,0.0,1.0,0.0,0.0005,exchangeInfo.quotePrecision/baseSizePrecision/quoteAmountPrecision,1,False,0.9821605550049554,0.9732408325074331,0.9866204162537165,98.08225966303272,0.10418,0.1042,0.10419,2.0000000000006124e-05,5793.4977228,1371.442888,169,200,5793.4977228,1371.442888,1371.442888,32359.415128700002,1371.442888,1371.442888,57556.1351434,34787.1115357,34787.1115357,288,1774223400.0,1774309500.0,288,0,1.0,0.003472222222222222,43.32818739184203,34.40276270738158,0.10912668382019074,0.0023689405542348762,12977.156047700002,500,19.329896907216494,87201.9126114,3371.2079617809277,32.74100399017334,64.39886179999999,0.494,22.571819221773193,0.7,0.36,0.77,0.81,0.6605000000000001,0.9984375000000001,1.0,1.0,0.9142726926075603,0.9714242308691867,70.42461730869188,[],,True
mexc,XLMUSDT,XLM-USDT,XLM,USDT,True,1,True,0.1663,5333378.5169,32940593.83,0.1661,28763.6,0.1662,16100.91,6.018657839301174,2677.513578,0.0001,0.1,0.1,1.0,0.0,0.0005,exchangeInfo.quotePrecision/baseSizePrecision/quoteAmountPrecision,1,False,0.981169474727453,0.9127849355797819,0.9930624380574826,96.64519326065411,0.1661,0.1662,0.16615,9.999999999998899e-05,6043.036912,2677.513578,200,200,6043.036912,2677.513578,2677.513578,32687.585692,17793.362055999998,17793.362055999998,95161.62985,45071.37121,45071.37121,288,1774223400.0,1774309500.0,288,0,1.0,0.003472222222222222,35.2717022475408,31.895995446904678,0.13054499366286376,-0.04152469483382527,8323.83504,500,6.677053193857111,103533.85774899999,1382.6021511106162,23.404406785964966,33.376656000000004,0.52,5.860393328429549,0.68,0.8,0.33999999999999997,0.85,0.457,0.9984375000000001,1.0,1.0,1.0,1.0,70.028375,[],,True
mexc,WXTUSDT,WXT-USDT,WXT,USDT,True,1,True,0.021218,1987846.631763,95169970.98,0.021215,71107.0,0.021223,50809.0,2.828054298642092,1165.675563,1e-06,0.0,0.0,1.0,0.0,0.0005,exchangeInfo.quotePrecision/baseSizePrecision/quoteAmountPrecision,1,False,0.9643211100099108,0.9504459861248761,0.9826560951437067,96.45193260654115,0.021213,0.021219,0.021216,5.999999999999062e-06,1165.675563,1220.8988219999999,115,200,4065.380215,7014.4634590000005,4065.380215,4651.503061,20056.286354,4651.503061,18165.527473,33632.194097,18165.527473,288,1774223400.0,1774309500.0,288,0,1.0,0.0,23.245719588018385,26.50348191605522,0.11496062992125944,0.028724969962783103,3662.132488,500,8.41514726507714,41508.539937,698.6009526563815,25.861117839813232,80.55338,0.436,8.219686446324586,0.45,0.56,0.7,0.8,0.5605,1.0,1.0,1.0,1.0,1.0,66.326,[],,True
mexc,ICPUSDT,ICP-USDT,ICP,USDT,True,1,True,2.405,2788691.74,1164728.68,2.404,151.66,2.405,239.19,4.157139887758611,370.57212000000004,0.001,0.0001,0.0001,1.0,0.0,0.0005,exchangeInfo.quotePrecision/baseSizePrecision/quoteAmountPrecision,1,False,0.9747274529236868,0.9444995044598612,0.958374628344896,96.38999008919723,2.405,2.406,2.4055,0.001000000000000334,1380.68645,370.57212000000004,185,200,1380.68645,370.57212000000004,370.57212000000004,5664.44617,5244.0490899999995,5244.0490899999995,11312.819,15878.709499999999,11312.819,288,1774223400.0,1774309500.0,288,0,1.0,0.003472222222222222,32.9231634750848,30.039379625960862,0.051580698835274504,-0.038817168945575,5086.18938,500,6.198347107438016,69992.49747999999,867.6755885950412,14.61278772354126,24.02679,0.494,7.9196669739290035,0.59,0.59,0.54,0.68,0.5015,0.9984375000000001,1.0,1.0,1.0,1.0,66.04237499999999,[],,True
mexc,DOTUSDT,DOT-USDT,DOT,USDT,True,1,True,1.42,5723116.921,3961038.25,1.419,3648.98,1.42,4570.3,7.04473406128841,6489.826,0.001,0.001,0.001,1.0,0.0,0.0005,exchangeInfo.quotePrecision/baseSizePrecision/quoteAmountPrecision,1,False,0.9831516352824579,0.8949454905847374,0.9955401387512388,96.35777998017838,1.419,1.42,1.4195,0.0009999999999998899,11152.50279,6489.826,190,200,11152.50279,6489.826,6489.826,11152.50279,6489.826,6489.826,70865.81487999999,79045.98197,70865.81487999999,288,1774223400.0,1774309500.0,288,0,1.0,0.003472222222222222,38.55151561673745,34.7722463203297,0.010025062656641595,-0.04189218963016521,10928.87239,500,8.880994671403197,254246.99240999998,4515.9323696269985,21.367324829101562,77.5963,0.492,5.472387641796484,0.72,0.61,0.26,0.91,0.6140000000000001,0.9984375000000001,1.0,0.20050125313283187,1.0,0.733500417710944,65.60737917710944,[],,True
mexc,PUMPUSDT,PUMP-USDT,PUMP,USDT,True,1,True,0.001809,2458543.688259,1359580876.78,0.001808,755729.6,0.001809,2329639.79,5.529444290849504,1048.408576,1e-06,0.0,0.0,1.0,0.0,0.0005,exchangeInfo.quotePrecision/baseSizePrecision/quoteAmountPrecision,1,False,0.9712586719524281,0.9207135777998018,0.9861248761149654,96.15956392467791,0.001808,0.001809,0.0018085,1.0000000000001327e-06,1048.408576,2102.43582774,104,200,1048.408576,2102.43582774,1048.408576,5058.08624566,9341.28361794,5058.08624566,37057.14924478,64863.27600588,37057.14924478,288,1774223400.0,1774309500.0,288,0,1.0,0.003472222222222222,43.63672325559201,43.80936062386702,0.03739837398373982,-0.006149498321083235,4395.34953578,500,5.4005400540054005,52545.52821751,567.5484595950676,29.0201199054718,18.77836474,0.516,7.891701400772766,0.56,0.58,0.39,0.78,0.3635,0.9984375000000001,1.0,0.7479674796747963,1.0,0.9159891598915988,61.02626659891599,[],,True
mexc,TONUSDT,TON-USDT,TON,USDT,True,1,True,1.319,2616701.327,2033629.28,1.318,986.86,1.319,9203.11,15.174506828528086,11922.30054,0.001,0.001,0.001,1.0,0.0,0.0005,exchangeInfo.quotePrecision/baseSizePrecision/quoteAmountPrecision,1,False,0.9732408325074331,0.8840436075322101,0.9851337958374629,95.33201189296334,1.317,1.319,1.318,0.0020000000000000018,11922.30054,12311.08435,200,200,0.0,0.0,0.0,11922.30054,12311.08435,11922.30054,39793.061799999996,40925.76943,39793.061799999996,288,1774223400.0,1774309500.0,288,0,1.0,0.0,25.347402715810443,18.794758934336343,0.15246636771300548,-0.04536277223057654,5289.745650000001,500,6.699419383653416,103149.59404,1382.0847794551137,38.73471641540527,37.04066,0.446,1.6703938389719066,0.57,0.73,0.020000000000000018,0.93,0.369,1.0,1.0,1.0,0.3351969194859533,0.7783989731619845,58.25198973161984,[],,True
mexc,ETCUSDT,ETC-USDT,ETC,USDT,True,1,True,8.59,2702439.29,322617.848,8.58,2078.134,8.59,788.064,11.66180758017468,7230.8121599999995,0.01,0.1,0.1,1.0,0.0,0.0005,exchangeInfo.quotePrecision/baseSizePrecision/quoteAmountPrecision,1,False,0.9737363726461843,0.8166501486620417,0.9960356788899901,93.892467789891,8.57,8.58,8.575,0.009999999999999787,11039.676889999999,7230.8121599999995,105,200,0.0,0.0,0.0,11039.676889999999,7230.8121599999995,7230.8121599999995,39736.862890000004,22345.2264,22345.2264,288,1774223400.0,1774309500.0,288,0,1.0,0.0,40.84556518229914,31.055470219781547,0.12162162162162204,0.007313509463005791,4551.829680000001,500,5.20471894517696,122179.40166,1271.8188930603749,65.50478959083557,27.37878,0.5,3.502507214382226,0.58,0.65,0.06999999999999995,0.92,0.23550000000000004,1.0,1.0,1.0,1.0,1.0,58.226,[],,True
mexc,SHIBUSDT,SHIB-USDT,SHIB,USDT,True,1,True,6.111e-06,4757453.428670303,793106081111.0,6.105e-06,109596567.0,6.11e-06,130943612.0,8.198737394441178,268.919206128,1e-09,10000.0,10000.0,1.0,0.0,0.0005,exchangeInfo.quotePrecision/baseSizePrecision/quoteAmountPrecision,1,False,0.9806739345887017,0.875619425173439,0.9757185332011893,95.34192269573836,6.096e-06,6.101e-06,6.098499999999999e-06,4.999999999999952e-09,268.919206128,669.205347113,200,200,268.919206128,669.205347113,268.919206128,1735.904015127,4745.162247311,1735.904015127,82908.892002411,25101.95038137,25101.95038137,288,1774223400.0,1774309500.0,288,0,1.0,0.003472222222222222,36.83855546915811,33.645337294839486,0.11466218110456981,0.06785844413368111,10504.278328062,500,7.211538461538462,157945.96400066602,2278.0667884711447,31.99010396003723,36.771057065,0.506,4.493198610573257,0.67,0.43,0.18000000000000005,0.62,0.44000000000000006,0.9984375000000001,1.0,1.0,1.0,1.0,57.784375,[],,True
mexc,RENDERUSDT,RENDER-USDT,RENDER,USDT,True,1,True,1.684,1110889.264,670849.92,1.682,298.85,1.683,767.62,5.943536404161141,565.6229599999999,0.001,0.0,0.0,1.0,0.0,0.0005,exchangeInfo.quotePrecision/baseSizePrecision/quoteAmountPrecision,1,False,0.9484638255698712,0.9137760158572844,0.9672943508424182,94.35579781962339,1.682,1.683,1.6825,0.001000000000000112,565.6229599999999,1969.24464,200,200,565.6229599999999,1969.24464,565.6229599999999,7772.4061599999995,9271.893799999998,7772.4061599999995,22292.33047,27601.2022,22292.33047,288,1774223400.0,1774309500.0,288,0,1.0,0.003472222222222222,43.15887938692356,42.086447955687404,0.06181202370872133,0.02813691233540665,843.6292600000002,500,3.02571860816944,38779.78971,234.67346269288956,42.357856035232544,19.785195,0.504,7.261481456849076,0.35,0.67,0.35,0.75,0.15050000000000002,0.9984375000000001,1.0,1.0,1.0,1.0,55.190375,[],,True
mexc,USDCUSDT,USDC-USDT,USDC,USDT,True,1,True,1.0003,33685217.4038,33677717.4,1.0002,3390029.46,1.0003,4485921.0,0.999750062484269,3390707.4658919997,0.0001,1.0,1.0,1.0,0.0,0.0,exchangeInfo.quotePrecision/baseSizePrecision/quoteAmountPrecision,1,False,0.9960356788899901,0.9920713577799802,1.0,99.58374628344897,1.0002,1.0003,1.0002499999999999,9.999999999998899e-05,3390707.4658919997,4487266.7763,91,87,17421898.049497,9541128.931992,9541128.931992,28179053.180278,11483219.875272999,11483219.875272999,29064011.648488,13229145.97998,13229145.97998,288,1774223100.0,1774309200.0,288,0,1.0,0.0,1.0483781816865934,0.7464552541008379,0.013157894736842105,-0.38250599532674373,67426.4903325,500,18.203883495145632,212397.69038099996,7732.9256206674745,11.837311267852783,14.90447,0.52,1.0486402762321303,0.94,1.0,0.92,1.0,0.815,1.0,0.0,0.2631578947368421,0.02432013811606515,0.09582601095096908,86.01826010950968,['natr_bps_mean<10'],natr_bps_mean<10,False
mexc,USD1USDT,USD1-USDT,USD1,USDT,True,1,True,0.9997,15397980.0088,15402605.41,0.9997,848020.5,0.9998,985601.92,1.0002500625155186,847766.0938500001,0.0001,0.0,0.0,1.0,0.0,0.0,exchangeInfo.quotePrecision/baseSizePrecision/quoteAmountPrecision,1,False,0.9925668979187314,0.9903369672943508,0.9995044598612488,99.33969276511398,0.9997,0.9998,0.99975,9.999999999998899e-05,847766.0938500001,985404.799616,66,47,3937075.31901,4772369.594715,3937075.31901,8587003.028024001,8566726.016447,8566726.016447,11389211.449883,11961079.443753,11389211.449883,288,1774223100.0,1774309200.0,288,0,1.0,0.0,1.0766934965240673,0.794357407392103,0.005988023952095729,-0.4930683708288076,19623.491186,500,23.79064234734338,89075.411358,4238.322507121332,15.521575689315796,20.124969,0.518,1.076424323150055,0.88,0.99,0.905,0.99,0.8025,1.0,0.0,0.11976047904191457,0.03821216157502749,0.05265754687231402,83.47657546872314,['natr_bps_mean<10'],natr_bps_mean<10,False
mexc,SUIUSDT,SUI-USDT,SUI,USDT,True,1,True,0.9523,23412602.4916,24953382.99,0.952,28.24,0.9521,2295.81,1.0508064939840172,16.748160000000002,0.0001,0.0,0.0,1.0,0.0,0.0005,exchangeInfo.quotePrecision/baseSizePrecision/quoteAmountPrecision,1,False,0.9950445986124876,0.9861248761149654,0.7081268582755204,93.54311199207137,0.9516,0.9517,0.95165,9.999999999998899e-05,16.748160000000002,3103.817278,200,200,13980.498950000001,59749.750958,13980.498950000001,90212.150137,165551.187971,90212.150137,234695.033794,326026.651159,234695.033794,288,1774223400.0,1774309500.0,288,0,1.0,0.0,34.85357430276807,36.558046791095585,0.09981246092936,0.038291880254981175,34543.9433395,500,20.862308762169683,99196.823371,4138.949514784424,17.306647062301636,19.296733500000002,0.442,33.168403985232885,0.92,0.86,0.86,0.13,0.782,1.0,1.0,1.0,0.5610532004922372,0.8536844001640791,82.00084400164079,['top_of_book_quote<250'],top_of_book_quote<250,False
mexc,AVAXUSDT,AVAX-USDT,AVAX,USDT,True,1,True,9.529,14008438.068,1491598.12,9.525,9.55,9.526,30.09,1.0499238805199456,70.00875,0.001,0.0001,0.0001,1.0,0.0,0.0005,exchangeInfo.quotePrecision/baseSizePrecision/quoteAmountPrecision,1,False,0.9915758176412289,0.9866204162537165,0.8429137760158573,96.06045589692765,9.524,9.525,9.5245,0.0010000000000012221,90.76371999999999,70.00875,200,200,31543.47604,1632.43535,1632.43535,38552.14544,17700.423369999997,17700.423369999997,118514.26421,63340.460159999995,63340.460159999995,288,1774223400.0,1774309500.0,288,0,1.0,0.0,33.056714697584894,37.03044644151293,0.10884786760025404,-0.012516459828556887,19507.213630000002,500,7.706139224248651,257827.33947,3973.706747546879,3.60783052444458,93.8272,0.488,31.484867913676254,0.86,0.79,0.87,0.27,0.6905,1.0,1.0,1.0,0.6171710695441248,0.8723903565147083,79.52990356514708,['top_of_book_quote<250'],top_of_book_quote<250,False
mexc,HYPEUSDT,HYPE-USDT,HYPE,USDT,True,1,True,37.25,17501913.1,460628.66,37.23,4.79,37.25,5.42,2.684924150892203,30.164400000000004,0.01,0.0,0.0,1.0,0.0,0.0005,exchangeInfo.quotePrecision/baseSizePrecision/quoteAmountPrecision,1,False,0.9930624380574826,0.923191278493558,0.9197224975222993,96.0926660059465,37.24,37.25,37.245000000000005,0.00999999999999801,30.164400000000004,162.0375,200,200,1849.5945,2200.9047,1849.5945,10376.9891,9898.462800000001,9898.462800000001,28938.3134,29548.0834,28938.3134,288,1774223400.0,1774309500.0,288,0,1.0,0.0,45.395290529555396,43.238486862902235,0.0400299289188178,0.015733450074528088,35360.5837,500,16.977928692699493,123364.9651,4188.963161290323,7.7925543785095215,63.358999999999995,0.512,16.907475957736274,0.89,0.71,0.74,0.19,0.8200000000000001,1.0,1.0,0.800598578376356,1.0,0.9335328594587854,78.09532859458785,['top_of_book_quote<250'],top_of_book_quote<250,False
mexc,EURUSDT,EUR-USDT,EUR,USDT,True,1,True,1.1611,6860535.489,5919870.33,1.161,42702.94,1.1611,1572.97,0.8612893501570905,1826.375467,0.0001,0.0,0.0,1.0,0.0,0.0,exchangeInfo.quotePrecision/baseSizePrecision/quoteAmountPrecision,1,False,0.9871159563924677,0.9945490584737364,0.9900891972249752,98.95688800792864,1.161,1.1611,1.16105,9.999999999998899e-05,115746.11559,1826.375467,69,88,278228.944028,244811.759367,244811.759367,286822.043228,300603.19818999997,286822.043228,291539.457468,303403.260238,291539.457468,288,1774223100.0,1774309200.0,288,0,1.0,0.0,5.186280903499533,6.180055059523784,0.05052631578947562,-0.07160365474433504,3125.354166,500,2.427577277876679,232320.69572300004,1127.9528842353134,71.87874031066895,19.9801665,0.502,6.021531443008795,0.79,0.93,0.95,0.83,0.046500000000000014,1.0,0.0,1.0,1.0,0.6666666666666666,76.62466666666667,['natr_bps_mean<10'],natr_bps_mean<10,False
mexc,AAVEUSDT,AAVE-USDT,AAVE,USDT,True,1,True,110.13,6624626.09,60547.079,110.11,0.313,110.12,1.589,0.9085540362504797,12.546840000000001,0.01,0.0001,0.0001,1.0,0.0,0.0005,exchangeInfo.quotePrecision/baseSizePrecision/quoteAmountPrecision,1,False,0.9861248761149654,0.9940535183349851,0.7418235877106045,93.92467789890982,110.06,110.07,110.065,0.009999999999990905,12.546840000000001,305.77446,191,200,2264.55091,5973.12899,2264.55091,8286.56151,7484.1891000000005,7484.1891000000005,57060.09976,63995.25759,57060.09976,288,1774223400.0,1774309500.0,288,0,1.0,0.0,33.757745785139946,35.77954894088707,0.06683345246604737,-0.0265428129017341,7618.498099999999,500,11.441647597254004,25681.31344,587.6730764302059,17.356158018112183,11.67718,0.5,37.15546289844807,0.77,0.66,0.94,0.08,0.6940000000000001,1.0,1.0,1.0,0.4281512367183976,0.8093837455727991,73.78183745572798,['top_of_book_quote<250'],top_of_book_quote<250,False
mexc,PENGUUSDT,PENGU-USDT,PENGU,USDT,True,1,True,0.006982,3868389.992789,555224007.7,0.00698,1272.8,0.006981,28370.4,1.4319467315817753,168.04449839999998,1e-06,0.0,0.0,1.0,0.0,0.0005,exchangeInfo.quotePrecision/baseSizePrecision/quoteAmountPrecision,1,False,0.979187314172448,0.9796828543111992,0.5222993062438057,88.79335976214074,0.006983,0.006984,0.0069835,1.0000000000001327e-06,168.04449839999998,174.9296448,135,200,2677.5756232,402.85092640000005,402.85092640000005,13679.743227989999,6573.4402621399995,6573.4402621399995,19639.84740463,16502.67897903,16502.67897903,288,1774223400.0,1774309500.0,288,0,1.0,0.0,41.1313420488621,42.5242101288553,0.06761250277100421,0.02079210124307271,5532.3554598,500,11.26126126126126,43965.950922899996,990.2241198851351,6.520702123641968,13.27301524,0.486,28.724072719819034,0.64,0.62,0.81,0.53,0.7925,1.0,1.0,1.0,0.7091975760060322,0.9030658586686774,73.50065858668677,['top_of_book_quote<250'],top_of_book_quote<250,False
mexc,NEARUSDT,NEAR-USDT,NEAR,USDT,True,1,True,1.317,8447085.5848,6503991.94,1.3154,12.31,1.3157,11.62,4.565167769915042,14.637960000000001,0.0001,0.0001,0.0001,1.0,0.0,0.0005,exchangeInfo.quotePrecision/baseSizePrecision/quoteAmountPrecision,1,False,0.9886025768087215,0.9687809712586719,0.6372646184340932,91.33795837462834,1.314,1.3146,1.3143,0.0005999999999999339,14.637960000000001,17.54991,200,200,12288.881485000002,35.064378000000005,35.064378000000005,17245.985345,10754.345156,10754.345156,88200.65691,102913.52242499999,88200.65691,288,1774223400.0,1774309500.0,288,0,1.0,0.0,34.70377922677461,34.18897796754614,0.060710538150202435,-0.018059002200034997,17173.55432,500,11.838989739542226,164520.333065,3895.5090702052094,5.90435528755188,36.838752,0.486,7.601862839625815,0.82,0.72,0.47,0.1,0.8190000000000001,1.0,1.0,1.0,1.0,1.0,72.228,['top_of_book_quote<250'],top_of_book_quote<250,False
mexc,FILUSDT,FIL-USDT,FIL,USDT,True,1,True,0.9258,6769509.779,7601147.86,0.9245,133.585,0.9251,4705.648,3.2434185631664194,116.159504,0.0001,0.0001,0.0001,1.0,0.0,0.0005,exchangeInfo.quotePrecision/baseSizePrecision/quoteAmountPrecision,1,False,0.9866204162537165,0.904360753221011,0.8870168483647175,94.61347869177403,0.9248,0.9251,0.9249499999999999,0.000300000000000078,116.159504,4618.6394584,200,200,116.159504,4618.6394584,116.159504,3415.4679911000003,4618.6394584,3415.4679911000003,41698.6884289,36454.1244806,36454.1244806,288,1774223400.0,1774309500.0,288,0,1.0,0.0,40.05007553902638,35.82299498407833,0.1406667855232662,-0.001992193933288017,12100.65006055,500,8.695652173913043,168716.92495130002,2934.2073904573917,6.659142971038818,66.31091919999999,0.498,12.348105789937607,0.78,0.54,0.64,0.43,0.724,1.0,1.0,1.0,1.0,1.0,71.88799999999999,['top_of_book_quote<250'],top_of_book_quote<250,False
mexc,ENAUSDT,ENA-USDT,ENA,USDT,True,1,True,0.09367,7394267.66091,77526040.11,0.09351,7510.51,0.09357,1599.41,5.33760341606708,149.7847465,1e-05,0.0,0.0,1.0,0.0,0.0005,exchangeInfo.quotePrecision/baseSizePrecision/quoteAmountPrecision,1,False,0.987611496531219,0.9058473736372646,0.902378592666006,95.0123885034688,0.09365,0.0937,0.09367500000000001,5.000000000000837e-05,149.7847465,149.864717,138,200,449.3062572,9638.7133568,449.3062572,17526.7022374,20828.7701901,17526.7022374,75079.1569326,82610.7719087,75079.1569326,288,1774223400.0,1774309500.0,288,0,1.0,0.003472222222222222,41.64870572037718,39.41947482265775,0.029211295034080036,-0.012418935195657177,10922.31006005,500,10.259917920656635,199844.0401566,4100.766897878249,26.126448154449463,78.993123,0.502,7.802885016711358,0.8,0.78,0.41000000000000003,0.49,0.6154999999999999,0.9984375000000001,1.0,0.5842259006816006,1.0,0.8614086335605334,71.26446133560533,['top_of_book_quote<250'],top_of_book_quote<250,False
mexc,USDEUSDT,USDE-USDT,USDE,USDT,True,1,True,0.9995,6032442.6661,6035367.34,0.9995,688791.43,0.9996,300783.92,1.0004502025910558,300663.606432,0.0001,0.0,0.0,1.0,0.0,0.0,exchangeInfo.quotePrecision/baseSizePrecision/quoteAmountPrecision,1,False,0.9841427155599604,0.9893458870168483,0.9985133795837463,98.83176412289396,0.9995,0.9996,0.99955,9.999999999998899e-05,688447.0342850001,300663.606432,61,43,1818145.918017,1358552.01577,1358552.01577,1980250.442297,2186644.631199,1980250.442297,2046570.412877,4275370.126569,2046570.412877,288,1774223100.0,1774309200.0,288,0,1.0,0.0,1.1359426154051866,0.7812130387401769,0.006451612903224143,-0.4757183446201015,7455.959783,500,2.3980815347721824,244295.15129299997,1171.6793827002398,93.5076949596405,206.08690500000003,0.496,1.1354314412283795,0.74,0.97,0.89,0.97,0.026500000000000006,1.0,0.0,0.12903225806448285,0.06771572061418973,0.06558265955955753,70.13382659559556,['natr_bps_mean<10'],natr_bps_mean<10,False
mexc,XUSDUSDT,XUSD-USDT,XUSD,USDT,True,1,True,1.0003,2167728.7361,2167931.74,1.0003,16019.85,1.0004,15037.0,0.9996501224570298,15043.014799999999,0.0001,0.0,0.0,1.0,0.0,0.0005,exchangeInfo.quotePrecision/baseSizePrecision/quoteAmountPrecision,1,False,0.9682854311199207,0.9925668979187314,0.9975222993062438,98.02031714568881,1.0003,1.0004,1.00035,9.999999999998899e-05,16024.655955,15043.014799999999,22,27,24345.479787,30136.63364,24345.479787,24345.479787,30136.63364,24345.479787,24345.479787,30136.63364,24345.479787,288,1774223400.0,1774309500.0,288,0,1.0,0.003472222222222222,1.5491413060368242,1.5171721748446834,0.07177033492823459,-0.36076396821410356,193.972747,500,2.9069767441860463,15276.737793,88.81824298255815,16.51383137702942,7.548018,0.484,1.549683505494108,0.53,0.82,0.9299999999999999,0.94,0.295,0.9984375000000001,0.0,1.0,0.274841752747054,0.42494725091568464,69.29384750915685,['natr_bps_mean<10'],natr_bps_mean<10,False
mexc,RIVERUSDT,RIVER-USDT,RIVER,USDT,True,1,True,23.5094,7405841.9597,278393.03,23.5285,3.67,23.5458,7.56,3.8288748213193196,46.297167,0.0001,0.0,0.0,1.0,0.0,0.0005,exchangeInfo.quotePrecision/baseSizePrecision/quoteAmountPrecision,1,False,0.9881070366699702,0.8889990089197225,0.8315163528245788,93.20118929633301,23.5011,23.5101,23.5056,0.009000000000000341,46.297167,161.044185,200,200,334.362222,1931.0928900000001,334.362222,1508.127227,2519.11289,1508.127227,5866.471401,6262.217974,5866.471401,288,1774223400.0,1774309500.0,288,0,1.0,0.0,138.9662753529284,94.9862380150684,0.10696599415518755,0.02116831929991223,14802.701648500002,500,53.285968028419184,61170.256008,6519.032611865009,7.113708972930908,63.278364499999995,0.39,36.29428535484078,0.81,0.37,0.56,0.24,0.938,1.0,0.8541055742082432,1.0,0.45685715483864064,0.7703209096822947,66.67920909682296,['top_of_book_quote<250'],top_of_book_quote<250,False
mexc,MXUSDT,MX-USDT,MX,USDT,True,1,True,1.7919,3319804.2025,1852685.97,1.7919,2160.41,1.792,64.92,0.558051284913022,116.33664,0.0001,0.01,0.01,1.0,0.0,0.0005,exchangeInfo.quotePrecision/baseSizePrecision/quoteAmountPrecision,1,False,0.977205153617443,0.9955401387512388,0.8825569871159564,96.28592666005946,1.7919,1.792,1.79195,9.999999999998899e-05,3871.238679,116.33664,200,200,4486.687592,1029.01255,1029.01255,19772.255231,2074.197166,2074.197166,1374358.018115,8087.939225,8087.939225,288,1774223400.0,1774309500.0,288,0,1.0,0.0,3.35890204113705,3.9431101085117017,0.01518026565464956,-0.19764729195819175,7042.976001499999,500,19.569471624266143,32446.195742,1269.909813776908,26.20622181892395,30.856518,0.492,6.0189845126162,0.62,0.48,0.97,0.44,0.716,1.0,0.0,0.3036053130929912,1.0,0.4345351043643304,66.45735104364331,"['top_of_book_quote<250', 'natr_bps_mean<10']",top_of_book_quote<250; natr_bps_mean<10,False
mexc,DAIUSDT,DAI-USDT,DAI,USDT,True,1,True,1.0004,2060297.3611,2060304.15,1.0003,15.87,1.0005,606.47,1.999200319871831,15.874761,0.0001,0.5,0.5,1.0,0.0,0.0005,exchangeInfo.quotePrecision/baseSizePrecision/quoteAmountPrecision,1,False,0.9663032705649157,0.9727452923686819,0.6427155599603568,90.31962338949455,1.0003,1.0005,1.0004,0.00019999999999997797,15.874761,606.773235,60,50,154295.690196,617.7298049999999,617.7298049999999,159126.817893,387903.70054299996,159126.817893,201144.67755300002,402655.60847299994,201144.67755300002,288,1774223400.0,1774309500.0,288,0,1.0,0.0,1.4444684546249968,0.8426675473719468,0.05194805194805195,-0.330893229850195,4774.829594000001,500,14.39539347408829,37162.153415,1069.927641506718,12.35697340965271,14.7707415,0.516,0.7225231210035029,0.49,0.9,0.76,0.12,0.782,1.0,0.0,1.0,0.0,0.3333333333333333,65.59733333333332,"['top_of_book_quote<250', 'natr_bps_mean<10']",top_of_book_quote<250; natr_bps_mean<10,False
mexc,WBTCUSDT,WBTC-USDT,WBTC,USDT,True,1,True,70617.41,1989448.34,28.48333672,70614.51,0.00138655,70616.63,0.00242337,2.7023532142780198,97.8843153145,0.01,1e-05,1e-05,1.0,0.0,0.0005,exchangeInfo.quotePrecision/baseSizePrecision/quoteAmountPrecision,1,False,0.964816650148662,0.9970267591674926,0.8592666005946482,95.1759167492567,70595.59,70614.67,70605.13,19.080000000001746,97.8843153145,171.12547283790002,200,114,14982.1817472604,1667.2910101979,1667.2910101979,16557.6666831652,15206.967729764901,15206.967729764901,39275.230942586204,27050.003316701503,27050.003316701503,288,1774223400.0,1774309500.0,288,0,1.0,0.003472222222222222,23.12943497885416,26.63953722699328,0.10490295458474815,-0.02030354281947105,3747.038530833,500,5.370569280343717,78518.6446470237,843.3796417510601,41.49766445159912,110.53259958835,0.518,8.558997712308155,0.46,0.76,0.73,0.4,0.29399999999999993,0.9984375000000001,1.0,1.0,1.0,1.0,64.632375,['top_of_book_quote<250'],top_of_book_quote<250,False
mexc,DASHUSDT,DASH-USDT,DASH,USDT,True,1,True,34.38,3536887.42,104746.619033,34.35,18.4848,34.37,8.8944,2.9107844564104237,109.044896,0.01,0.001,0.001,1.0,0.0,0.0005,exchangeInfo.quotePrecision/baseSizePrecision/quoteAmountPrecision,1,False,0.9777006937561943,0.9157581764122894,0.9514370664023786,95.69623389494551,34.35,34.36,34.355000000000004,0.00999999999999801,2543.7136800000003,109.044896,200,200,4650.074336000001,858.530864,858.530864,11036.662752,1531.0586720000001,1531.0586720000001,31154.21153824,19233.59626417,19233.59626417,288,1774223400.0,1774309500.0,288,0,1.0,0.003472222222222222,48.21819560679761,38.59468165492958,0.085940594059406,-0.021402099175235313,7711.17162956,500,7.299270072992701,62024.12067164,905.4616156443795,32.11740040779114,32.462057135,0.5,16.565361100718615,0.63,0.38,0.69,0.42,0.44300000000000006,0.9984375000000001,1.0,1.0,1.0,1.0,62.42037500000001,['top_of_book_quote<250'],top_of_book_quote<250,False
mexc,INJUSDT,INJ-USDT,INJ,USDT,True,1,True,3.081,1233662.145,407048.25,3.079,68.82,3.08,262.55,3.2451728054515327,173.57824,0.001,0.0,0.0,1.0,0.0,0.0005,exchangeInfo.quotePrecision/baseSizePrecision/quoteAmountPrecision,1,False,0.9539147670961348,0.958374628344896,0.9311199207135779,95.04707631318136,3.081,3.082,3.0815,0.0009999999999998899,425.48609999999996,173.57824,164,200,734.7797,1297.3009100000002,734.7797,4080.94453,3374.65247,3374.65247,17290.31091,48901.8301,17290.31091,288,1774223400.0,1774309500.0,288,0,1.0,0.0,32.41578995351092,30.72907742459476,0.09188464118041588,-0.0017554918241096096,1376.43123,500,6.917223887479825,27934.210400000004,386.45437491353476,10.318187236785889,19.473085,0.504,9.988925674175489,0.39,0.53,0.63,0.55,0.598,1.0,1.0,1.0,1.0,1.0,61.61599999999999,['top_of_book_quote<250'],top_of_book_quote<250,False
mexc,FDUSDUSDT,FDUSD-USDT,FDUSD,USDT,True,1,True,0.9997,414937.2705,415072.45,0.9997,465724.12,0.9998,516488.35,1.0002500625155186,465584.402764,0.0001,0.0,0.0,1.0,0.0,0.0005,exchangeInfo.quotePrecision/baseSizePrecision/quoteAmountPrecision,1,False,0.9013875123885035,0.9903369672943508,0.9990089197224975,94.31491575817643,0.9997,0.9998,0.99975,9.999999999998899e-05,465584.402764,516385.05233,55,41,5088992.564717,3918855.910202,3918855.910202,7383192.145257,6819252.697242,6819252.697242,7975920.537065,7240336.070292,7240336.070292,288,1774223400.0,1774309500.0,288,0,1.0,0.0,1.0837314307869066,0.749160229235666,0.020979020979022066,-0.34418016651836464,213.600369,500,3.0385900941962927,24564.742433,149.28436604679428,11.995112180709839,2.979404,0.488,1.0834604979293294,0.1,0.98,0.905,0.98,0.35650000000000004,1.0,0.0,0.4195804195804413,0.04173024896466471,0.15377022284836867,60.13570222848369,"['quote_volume_24h<1e+06', 'natr_bps_mean<10']",quote_volume_24h<1e+06; natr_bps_mean<10,False
mexc,ARBUSDT,ARB-USDT,ARB,USDT,True,1,True,0.09697,2425166.94635,25515906.92,0.0969,1205.94,0.09698,643.34,6.186842647969117,69.2988905,1e-05,0.0,0.0,1.0,0.0,0.0005,exchangeInfo.quotePrecision/baseSizePrecision/quoteAmountPrecision,1,False,0.9707631318136769,0.8746283448959365,0.8032705649157582,91.32309217046581,0.09695,0.09701,0.09698,6.0000000000004494e-05,69.2988905,69.3398377,134,200,379.2306115,2090.8796041,379.2306115,9731.8905411,2090.8796041,2090.8796041,29305.5065694,37456.4200172,29305.5065694,288,1774223400.0,1774309500.0,288,0,1.0,0.0,35.43436484108517,34.12714786008075,0.08354803091645195,0.024647915147669706,4221.82141925,500,8.103727714748784,158716.9358065,2572.3976629902754,5.768964529037476,53.479949850000004,0.494,5.727374503813637,0.55,0.49,0.31000000000000005,0.26,0.6990000000000001,1.0,1.0,1.0,1.0,1.0,58.428000000000004,['top_of_book_quote<250'],top_of_book_quote<250,False
mexc,CHZUSDT,CHZ-USDT,CHZ,USDT,True,1,True,0.03579,2025262.92364,57367278.64,0.03578,12380.8,0.03579,2520.0,2.7944669554291077,8.01472,1e-05,0.001,0.001,1.0,0.0,0.0005,exchangeInfo.quotePrecision/baseSizePrecision/quoteAmountPrecision,1,False,0.9658077304261645,0.9638255698711595,0.8394449950445986,94.00396432111002,0.03578,0.03579,0.035785,1.0000000000003062e-05,8.01472,298.17364800000007,94,200,171.26900000000003,1648.3799560000002,171.26900000000003,2207.4726975999997,4837.9999772,2207.4726975999997,9953.0089367,9222.075451499999,9222.075451499999,288,1774223400.0,1774309500.0,288,0,1.0,0.0,27.734836615415897,26.366263082848985,0.06874999999999983,0.02234909906248774,2341.4076901999997,500,5.360014293371449,60115.012928100005,644.4346570816509,18.51016139984131,23.4539112,0.476,9.92491128282354,0.48,0.5,0.71,0.04,0.42050000000000004,1.0,1.0,1.0,1.0,1.0,58.245999999999995,['top_of_book_quote<250'],top_of_book_quote<250,False
mexc,TIAUSDT,TIA-USDT,TIA,USDT,True,1,True,0.3277,583801.5999,1807067.27,0.3275,512.47,0.3277,2390.66,3.0511060259340654,141.681716,0.0001,0.0,0.0,1.0,0.0,0.0005,exchangeInfo.quotePrecision/baseSizePrecision/quoteAmountPrecision,1,False,0.9222001982160555,0.9112983151635282,0.9137760158572844,91.77898909811695,0.3277,0.3278,0.32775,9.999999999998899e-05,549.448036,141.681716,119,200,1855.232152,1116.8235260000001,1116.8235260000001,8035.052352000001,5916.6148060000005,5916.6148060000005,20029.906096,29403.827902,20029.906096,288,1774223400.0,1774309500.0,288,0,1.0,0.0,35.38831539722966,31.054376963379347,0.09611940298507472,-0.01297284294516629,1042.009842,500,6.7842605156037985,17183.657483000003,233.15681795115336,23.556026220321655,13.8907575,0.498,11.598520371443298,0.21,0.6,0.6599999999999999,0.47,0.473,1.0,1.0,1.0,1.0,1.0,57.036,"['quote_volume_24h<1e+06', 'top_of_book_quote<250']",quote_volume_24h<1e+06; top_of_book_quote<250,False
mexc,ZROUSDT,ZRO-USDT,ZRO,USDT,True,1,True,2.216,1991598.968,957573.54,2.215,838.42,2.217,514.15,9.017132551847519,168.15582,0.001,0.0,0.0,1.0,0.0,0.0005,exchangeInfo.quotePrecision/baseSizePrecision/quoteAmountPrecision,1,False,0.9653121902874133,0.8587710604558969,0.9831516352824579,94.22447968285432,2.217,2.219,2.218,0.0019999999999997797,1846.9161900000001,168.15582,173,200,1846.9161900000001,168.15582,168.15582,5375.408670000001,2062.4152200000003,2062.4152200000003,23348.031170000002,15251.093739999998,15251.093739999998,288,1774223400.0,1774309500.0,288,0,1.0,0.0,59.43393524493691,50.448643176851576,0.160220994475138,-0.03244966925320165,3346.28568,500,17.985611510791365,77346.8027,2782.2590899280576,11.8099684715271,36.22693,0.526,6.59122341866423,0.47,0.46,0.12,0.54,0.812,1.0,1.0,1.0,1.0,1.0,56.46399999999999,['top_of_book_quote<250'],top_of_book_quote<250,False
mexc,ASTERUSDT,ASTER-USDT,ASTER,USDT,True,1,True,0.6633,3080554.3914,4623455.87,0.6631,717.52,0.6635,1236.9,4.522499434687073,143.5828,0.0001,0.0,0.0,1.0,0.0,0.0005,exchangeInfo.quotePrecision/baseSizePrecision/quoteAmountPrecision,1,False,0.9762140733399405,0.9122893954410307,0.9643211100099108,95.78543111992072,0.6632,0.6635,0.66335,0.00029999999999996696,143.5828,959.47408,200,200,582.2566049999999,1159.795012,582.2566049999999,3580.487586,44888.705053000005,3580.487586,87549.59036100001,54505.03394,54505.03394,288,1774223400.0,1774309500.0,288,0,1.0,0.0,25.68680552393709,23.871443394465683,0.010582010582010673,-0.011347074834767773,5579.915467500001,500,2.6819238333631326,108136.01517600002,580.0251126908637,52.223923206329346,29.545573,0.514,5.679780814768515,0.61,0.55,0.49,0.48,0.10049999999999999,1.0,1.0,0.21164021164021346,1.0,0.7372134038800712,55.89813403880072,['top_of_book_quote<250'],top_of_book_quote<250,False
mexc,ATOMUSDT,ATOM-USDT,ATOM,USDT,True,1,True,1.784,1607996.047,901482.65,1.783,262.37,1.784,567.38,5.610098176717475,167.56146,0.001,0.001,0.001,1.0,0.0,0.0005,exchangeInfo.quotePrecision/baseSizePrecision/quoteAmountPrecision,1,False,0.9618434093161546,0.9202180376610506,0.9638255698711595,95.18334985133797,1.782,1.783,1.7825,0.0009999999999998899,167.56146,1064.8967499999999,141,200,167.56146,1064.8967499999999,167.56146,9157.568589999999,9054.73699,9054.73699,25694.19945,27096.834450000002,25694.19945,288,1774223400.0,1774309500.0,288,0,1.0,0.0,28.39730961668757,24.530951309358905,0.016434892541087383,-0.025097417729339454,2551.327925,500,4.6853037638606905,73872.73041,692.2323636732782,36.71857571601868,24.09292,0.498,5.061820439175116,0.43,0.7,0.38,0.52,0.27549999999999997,1.0,1.0,0.32869785082174763,1.0,0.7762326169405825,55.62832616940583,['top_of_book_quote<250'],top_of_book_quote<250,False
mexc,MNTUSDT,MNT-USDT,MNT,USDT,True,1,True,0.7052,5636029.1824,8042159.91,0.7049,55.91,0.7054,58.83,4.253810705424715,37.611928,0.0001,0.0,0.0,1.0,0.0,0.0005,exchangeInfo.quotePrecision/baseSizePrecision/quoteAmountPrecision,1,False,0.9816650148662042,0.8939544103072349,0.759167492566898,91.52378592666007,0.7051,0.7054,0.7052499999999999,0.000300000000000078,40.366975,37.611928,181,200,40.366975,37.611928,37.611928,639.982111,1431.758014,639.982111,9609.474623,12862.52236,9609.474623,288,1774223400.0,1774309500.0,288,0,1.0,0.0,30.129363499160476,29.591417334957864,0.017099430018999242,0.18964504560343987,7764.163607500001,500,8.412787436904095,56264.945545999995,946.6900540549635,42.077046155929565,24.586837,0.502,7.0829112025924665,0.69,0.28,0.52,0.21,0.4595,1.0,1.0,0.3419886003799848,1.0,0.7806628667933282,55.480628667933274,"['top_of_book_quote<250', 'depth_10bps<1000']",top_of_book_quote<250; depth_10bps<1000,False
mexc,BRLUSDT,BRL-USDT,BRL,USDT,True,1,True,0.1908,640781.2724,3375419.74,0.1907,44996.87,0.1908,120396.4,5.242463958059711,17882.736126,0.0001,0.0,0.0,1.0,0.0,0.0005,exchangeInfo.quotePrecision/baseSizePrecision/quoteAmountPrecision,1,False,0.925173439048563,0.9246778989098117,0.9965312190287413,93.93211100099109,0.1907,0.1908,0.19075,9.999999999998899e-05,17882.736126,22971.63312,51,48,17882.736126,22971.63312,17882.736126,31986.101168,28745.598337999996,28745.598337999996,399866.670583,31872.062958,31872.062958,288,1774223400.0,1774309500.0,288,0,1.0,0.0,10.496281678894718,8.919233326940148,0.09090909090909091,-0.06797920441181388,500.57755700000007,500,2.3344486810364953,76258.33058299997,356.0423184950586,28.53282380104065,20.9166975,0.456,2.002165730249388,0.24,0.83,0.43000000000000005,0.96,0.146,1.0,0.4995868532105242,1.0,0.5010828651246939,0.6668899061117394,55.3408990611174,['quote_volume_24h<1e+06'],quote_volume_24h<1e+06,False
mexc,CFXUSDT,CFX-USDT,CFX,USDT,True,1,True,0.06052,528625.04997,8729359.74,0.06054,500.0,0.06056,1403.2,1.6511186328731318,104.51959199999999,1e-05,0.0001,0.0001,1.0,0.0,0.0005,exchangeInfo.quotePrecision/baseSizePrecision/quoteAmountPrecision,1,False,0.9177403369672944,0.9556491575817642,0.7259663032705649,88.8862735381566,0.06056,0.06057,0.060565,9.999999999996123e-06,140.20851199999998,104.51959199999999,137,200,422.5449885,885.2938045000001,422.5449885,3083.2543025,5730.7776745,3083.2543025,21173.0202753,15522.7974747,15522.7974747,288,1774223400.0,1774309500.0,288,0,1.0,0.0,34.3862766129037,36.876373148087765,0.010186757215619876,-0.04241130281655575,1145.2314754499998,500,6.709908297919928,18049.8122468,242.22516994140014,10.282017469406128,14.6751072,0.45,20.826048430613202,0.19,0.52,0.79,0.41,0.582,1.0,1.0,0.2037351443123975,0.9724650523128933,0.7254000655417636,55.118000655417646,"['quote_volume_24h<1e+06', 'top_of_book_quote<250']",quote_volume_24h<1e+06; top_of_book_quote<250,False
mexc,KASUSDT,KAS-USDT,KAS,USDT,True,1,True,0.03496,2105330.755313,59630934.24,0.034961,1360.69,0.034992,1243.51,6.283739396188126,43.65947586,1e-06,0.001,0.001,1.0,0.0,0.0005,exchangeInfo.quotePrecision/baseSizePrecision/quoteAmountPrecision,1,False,0.9672943508424182,0.8617443012884044,0.7725470763131813,90.19573835480674,0.035,0.035022,0.035011,2.1999999999994246e-05,1094.6677000000002,43.65947586,200,200,1094.6677000000002,175.78031606000002,175.78031606000002,1133.2740223000003,1133.39903292,1133.2740223000003,2357.25717883,3333.84703351,2357.25717883,288,1774223400.0,1774309500.0,288,0,1.0,0.0,35.634645543025016,37.18021834634959,0.07187515145640497,0.13101846169797482,3724.572604315,500,10.806916426512968,22357.743486080002,483.2365306789626,9.287170886993408,20.054220065,0.48,5.670929886850796,0.51,0.34,0.28,0.22,0.7545,1.0,1.0,1.0,1.0,1.0,54.334,['top_of_book_quote<250'],top_of_book_quote<250,False
mexc,FETUSDT,FET-USDT,FET,USDT,True,1,True,0.2283,1300111.082,5977945.28,0.2275,1159.84,0.2276,1414.72,4.400440044003916,163.674184,0.0001,0.001,0.001,1.0,0.0,0.0005,exchangeInfo.quotePrecision/baseSizePrecision/quoteAmountPrecision,1,False,0.956392467789891,0.9400396432111001,0.9435084241823588,94.97274529236869,0.2272,0.2273,0.22725,9.999999999998899e-05,262.91584,163.674184,200,200,262.91584,163.674184,163.674184,2870.5416280000004,1743.854044,1743.854044,46412.738076999995,41578.62074200001,41578.62074200001,288,1774223400.0,1774309500.0,288,0,1.0,0.003472222222222222,54.84292923939295,53.62245439940698,0.11133400200601803,-0.0697241404309543,1628.779914,500,5.178663904712584,88693.48384599999,918.6274867529777,33.91366243362427,32.584835999999996,0.508,12.463055669653421,0.4,0.44,0.5,0.51,0.29900000000000004,0.9984375000000001,1.0,1.0,1.0,1.0,54.052375000000005,['top_of_book_quote<250'],top_of_book_quote<250,False
mexc,SAHARAUSDT,SAHARA-USDT,SAHARA,USDT,True,1,True,0.02711,2102451.0639,78759333.12,0.0271,18932.8,0.02712,7811.2,3.6879955744051607,50.616768,1e-05,0.0,0.0,1.0,0.0,0.0005,exchangeInfo.quotePrecision/baseSizePrecision/quoteAmountPrecision,1,False,0.966798810703667,0.88800792864222,0.9306243805748265,93.98662041625371,0.02711,0.02712,0.027115,9.999999999999593e-06,407.19219999999996,50.616768,85,198,407.19219999999996,50.616768,50.616768,953.1490899999999,456.20816,456.20816,1460.7538941,1045.9559471,1045.9559471,288,1774223400.0,1774309500.0,288,0,1.0,0.0,48.66356451326354,34.86399205573133,0.020822210357714945,0.03975329884163977,6359.5210409500005,500,27.347310847766632,18431.140429,1008.0842531814037,59.28374004364014,15.296520000000001,0.482,13.195125517771945,0.5,0.24,0.5800000000000001,0.25,0.6425,1.0,1.0,0.41644420715429886,1.0,0.8054814023847663,53.84481402384766,"['top_of_book_quote<250', 'depth_10bps<1000']",top_of_book_quote<250; depth_10bps<1000,False
mexc,CRVUSDT,CRV-USDT,CRV,USDT,True,1,True,0.2194,1110096.3403,5038701.846,0.2194,875.36,0.2195,1694.56,4.5589240939146,204.3876,0.0001,0.01,0.01,1.0,0.0,0.0005,exchangeInfo.quotePrecision/baseSizePrecision/quoteAmountPrecision,1,False,0.9474727452923687,0.9380574826560951,0.9261645193260654,94.08572844400396,0.2193,0.2194,0.21935,0.00010000000000001674,204.3876,358.692672,90,200,204.3876,358.692672,204.3876,2067.2544159999998,1659.3794320000002,1659.3794320000002,19423.7113729,18047.1230386,18047.1230386,288,1774223400.0,1774309500.0,288,0,1.0,0.0,38.71044170865871,35.4925616947036,0.024509803921568613,0.034460657686848056,2135.0868422,500,6.847751654873317,41227.928759799994,564.6372347838392,14.606586456298828,23.03066375,0.5,8.491135388792866,0.34,0.41,0.48,0.59,0.5635,1.0,1.0,0.49019607843137225,1.0,0.830065359477124,53.82265359477125,['top_of_book_quote<250'],top_of_book_quote<250,False
mexc,FLOKIUSDT,FLOKI-USDT,FLOKI,USDT,True,1,True,2.947e-05,207863.5832538,7088007515.0,2.946e-05,96752006.0,2.947e-05,59474878.0,3.3927056827814113,3065.7063093300003,1e-08,1.0,1.0,1.0,0.0,0.0005,exchangeInfo.quotePrecision/baseSizePrecision/quoteAmountPrecision,1,False,0.833994053518335,0.9549058473736373,0.9895936570862239,89.53419226957384,2.947e-05,2.948e-05,2.9474999999999998e-05,9.99999999999821e-09,3065.7063093300003,4591.7138836799995,170,200,3065.7063093300003,4591.7138836799995,3065.7063093300003,6662.26701477,12414.1761741,6662.26701477,25934.53610406,17782.40691699,17782.40691699,288,1774223400.0,1774309500.0,288,0,1.0,0.0,31.072368186203075,32.59305753026356,0.07831715210356002,0.07710472623813518,281.9942097,500,2.549069589599796,12280.17804558,62.60605682171807,16.949612379074097,11.909981775,0.492,9.158580522884996,0.01,0.63,0.6,0.86,0.2525,1.0,1.0,1.0,1.0,1.0,52.349999999999994,['quote_volume_24h<1e+06'],quote_volume_24h<1e+06,False
mexc,USDFUSDT,USDF-USDT,USDF,USDT,True,1,True,0.9984,788296.712,789712.28,0.9984,5430.3,0.9985,3295.76,1.0015524062306576,3290.8163600000003,0.0001,0.0,0.0,1.0,0.0,0.0005,exchangeInfo.quotePrecision/baseSizePrecision/quoteAmountPrecision,1,False,0.9360753221010902,0.9881070366699702,0.9935579781962339,96.0579781962339,0.9984,0.9985,0.9984500000000001,0.00010000000000010001,5421.61152,3290.8163600000003,55,57,8846.739520000001,3290.8163600000003,3290.8163600000003,8846.739520000001,12462.829579,8846.739520000001,14193.089552,18062.359469,14193.089552,288,1774223400.0,1774309500.0,288,0,1.0,0.21180555555555555,0.8626538139287465,0.6285094175991631,0.02654867256636855,-0.34551370676965343,1228.1182615,500,1.0660980810234542,140572.96967899997,299.72914643710016,243.3579819202423,268.84567549999997,0.504,0.8613167005162956,0.27,0.69,0.88,0.87,0.010000000000000004,0.9046875000000001,0.0,0.530973451327371,0.0,0.17699115044245697,52.25678650442457,"['quote_volume_24h<1e+06', 'zero_volume_fraction>0.20', 'natr_bps_mean<10']",quote_volume_24h<1e+06; zero_volume_fraction>0.20; natr_bps_mean<10,False
mexc,BCHUSDT,BCH-USDT,BCH,USDT,True,1,True,476.2,6385640.8,13433.76161,476.1,0.306,476.2,3.5433,6.299212598424242,43.762103999999994,0.1,0.001,0.001,1.0,0.0,0.0005,exchangeInfo.quotePrecision/baseSizePrecision/quoteAmountPrecision,1,False,0.9851337958374629,0.9712586719524281,0.8999008919722498,96.46184340931616,476.1,476.4,476.25,0.2999999999999545,145.6866,43.762103999999994,117,200,145.6866,43.762103999999994,43.762103999999994,145.6866,1785.386745,145.6866,42794.815845000005,5421.353037,5421.353037,288,1774223400.0,1774309500.0,288,0,1.0,0.003472222222222222,26.227742886479046,23.35964605072406,0.04701834862385354,-0.11432651397891827,9903.3016375,500,6.418485237483953,96845.488086,1243.2026711938381,19.009629726409912,75.04514,0.508,4.16365418322918,0.75,0.12,0.27,0.23,0.4625,0.9984375000000001,1.0,0.9403669724770708,1.0,0.9801223241590237,51.895598241590235,"['top_of_book_quote<250', 'depth_10bps<1000']",top_of_book_quote<250; depth_10bps<1000,False
mexc,VIRTUALUSDT,VIRTUAL-USDT,VIRTUAL,USDT,True,1,True,0.6822,347306.7978,508092.45,0.6824,270.08,0.6825,270.72,1.4644504649628614,357.56870399999997,0.0001,0.0,0.0,1.0,0.0,0.0005,exchangeInfo.quotePrecision/baseSizePrecision/quoteAmountPrecision,1,False,0.8865213082259663,0.979187314172448,0.923191278493558,91.70218037661051,0.6828,0.6829,0.68285,9.999999999998899e-05,357.56870399999997,7909.812172,200,200,846.6010959999999,8123.321908,846.6010959999999,2399.523252,11304.552219,2399.523252,3747.239424,14767.290988,3747.239424,288,1774223400.0,1774309500.0,288,0,1.0,0.003472222222222222,39.45310876451843,42.78464348704154,0.05387422193603782,0.05647744594317583,321.690959,500,2.87328799923379,54926.664170000004,315.6402499952112,49.37485456466675,22.6833355,0.44,26.94055531985438,0.07,0.51,0.8,0.66,0.12050000000000001,0.9984375000000001,1.0,1.0,0.768648156004854,0.9228827186682848,50.619202186682855,['quote_volume_24h<1e+06'],quote_volume_24h<1e+06,False
mexc,XMRUSDT,XMR-USDT,XMR,USDT,True,1,True,352.31,3025846.23,8486.391,352.06,0.627,352.47,0.103,11.352670715786855,35.60654,0.01,0.001,0.001,1.0,0.0,0.0005,exchangeInfo.quotePrecision/baseSizePrecision/quoteAmountPrecision,1,False,0.9752229930624381,0.817641228939544,0.7502477700693756,89.0832507433102,352.14,352.54,352.34000000000003,0.4000000000000341,221.49606,35.60654,200,200,0.0,0.0,0.0,1175.24856,5101.576580000001,1175.24856,9638.16381,21406.79637,9638.16381,288,1774223400.0,1774309500.0,288,0,1.0,0.0,32.237550582948224,23.6881935624043,0.05563267485317674,-0.0034860025554454104,4683.508519999999,500,8.839127872716558,199296.45769,3523.2137482027106,46.72989225387573,200.66099999999997,0.406,2.8396446430987523,0.6,0.35,0.08999999999999997,0.2,0.47500000000000003,1.0,1.0,1.0,0.9198223215493762,0.9732741071831255,49.87274107183125,['top_of_book_quote<250'],top_of_book_quote<250,False
mexc,ETHFIUSDT,ETHFI-USDT,ETHFI,USDT,True,1,True,0.5306,4302891.9591,7970081.53,0.5302,61.28,0.5307,44.14,7.532956685498229,18.432640000000003,0.0001,0.0,0.0,1.0,0.0,0.0005,exchangeInfo.quotePrecision/baseSizePrecision/quoteAmountPrecision,1,False,0.9801783944499505,0.8498513379583746,0.6917740336967294,88.99157581764123,0.5308,0.5312,0.531,0.00039999999999995595,24.04524,18.432640000000003,200,200,24.04524,18.432640000000003,18.432640000000003,1278.4601449999998,492.073564,492.073564,21861.191835999998,13319.830634,13319.830634,288,1774223400.0,1774309500.0,288,0,1.0,0.0,37.74392519543248,39.674832275005436,0.023767082590612006,0.08159579965419489,9573.3890955,500,4.791566842357451,153609.250191,1472.0579797891712,11.711793184280396,31.505684000000002,0.478,5.010506069694213,0.66,0.26,0.21999999999999997,0.14,0.471,1.0,1.0,0.4753416518122401,1.0,0.8251138839374134,49.583138839374136,"['top_of_book_quote<250', 'depth_10bps<1000']",top_of_book_quote<250; depth_10bps<1000,False
mexc,BTRUSDT,BTR-USDT,BTR,USDT,True,1,True,0.04098,11082893.30937,191197821.1,0.04094,2004.66,0.04099,1921.61,11.963153487259584,72.5296806,1e-05,0.0,0.0,1.0,0.0,0.0005,exchangeInfo.quotePrecision/baseSizePrecision/quoteAmountPrecision,1,False,0.9905847373637264,0.8057482656095144,0.8245787908820614,91.11744301288405,0.04177,0.04182,0.041795,5.000000000000143e-05,83.12230000000001,72.5296806,145,200,0.0,0.0,0.0,155.5224472,72.5296806,72.5296806,3383.5616428,441.8367843,441.8367843,288,1774223400.0,1774309500.0,288,0,1.0,0.0,403.5014599630627,370.61707799172314,0.3433016301188291,0.1434500208237348,13800.251795600001,500,24.61033634126333,38697.24053919999,1904.7042102969644,20.284374237060547,38.4692395,0.566,33.72868703831145,0.85,0.05,0.06000000000000005,0.29,0.7775000000000001,1.0,0.0,1.0,0.5423770987229517,0.5141256995743172,49.151256995743175,"['top_of_book_quote<250', 'depth_10bps<1000', 'natr_bps_mean>250']",top_of_book_quote<250; depth_10bps<1000; natr_bps_mean>250,False
mexc,SEIUSDT,SEI-USDT,SEI,USDT,True,1,True,0.06055,1326664.91512,21978748.28,0.06054,378.49,0.06056,235.78,3.3063316250618593,14.02995,1e-05,0.0,0.0,1.0,0.0,0.0005,exchangeInfo.quotePrecision/baseSizePrecision/quoteAmountPrecision,1,False,0.9573835480673935,0.9556491575817642,0.6233894945490585,89.01511397423192,0.06048,0.0605,0.06049,1.9999999999999185e-05,16.1233632,14.02995,125,200,51.9600825,2811.9769112,51.9600825,104.429337,2825.2571024,104.429337,9524.0534997,19040.9413134,9524.0534997,288,1774223400.0,1774309500.0,288,0,1.0,0.0,30.49616068618521,29.674941269897154,0.044756179024716125,0.05012367496677434,2714.4526742,500,8.849557522123893,55519.7649736,982.6507074973451,20.312192916870117,11.5079162,0.518,9.223563799537091,0.41,0.08,0.61,0.09,0.6180000000000001,1.0,1.0,0.8951235804943225,1.0,0.9650411934981076,48.98641193498108,"['top_of_book_quote<250', 'depth_10bps<1000']",top_of_book_quote<250; depth_10bps<1000,False
mexc,MBGUSDT,MBG-USDT,MBG,USDT,True,1,True,0.3332,1976124.4178,5788063.44,0.3332,60.54,0.3333,73.94,2.999850007499295,15.185148,0.0001,0.0,0.0,1.0,0.0,0.0005,exchangeInfo.quotePrecision/baseSizePrecision/quoteAmountPrecision,1,False,0.9638255698711595,0.9623389494549058,0.6778989098116948,90.62685827552032,0.3333,0.3334,0.33335,9.999999999998899e-05,15.185148,59.86197,58,171,24.0516,181.94965000000002,24.0516,27.196064,192.72826600000002,27.196064,8448.314292,338.414504,338.414504,288,1774223400.0,1774309500.0,288,0,1.0,0.0,11.50218699429621,28.73402647782626,0.27670527670527756,0.5230482017325147,98.86066500000001,500,6.668148477439431,279279.822928,3724.5586520737943,2.66961669921875,4.485111,0.394,3.8342540345490637,0.44,0.02,0.6799999999999999,0.11,0.629,1.0,0.6113541104773567,1.0,1.0,0.8704513701591189,48.97251370159118,"['top_of_book_quote<250', 'depth_10bps<1000']",top_of_book_quote<250; depth_10bps<1000,False
mexc,SUNUSDT,SUN-USDT,SUN,USDT,True,1,True,0.018943,859225.428422,46132801.05,0.018928,64307.2,0.018953,49811.2,5.80000527273055,156.9888,1e-06,0.001,0.001,1.0,0.0,0.0005,exchangeInfo.quotePrecision/baseSizePrecision/quoteAmountPrecision,1,False,0.9400396432111001,0.788404360753221,0.9781962338949455,90.97621407333995,0.01896,0.018971,0.0189655,1.0999999999997123e-05,156.9888,651.6766151999999,156,200,156.9888,651.6766151999999,156.9888,300.57731321,2381.40225384,300.57731321,3961.99835614,4136.2001728899995,3961.99835614,288,1774223400.0,1774309500.0,288,0,1.0,0.0,28.86768206268006,23.581838848901747,0.07459505541347003,0.07456333989682147,1754.679990915,500,14.204545454545453,43973.220631749995,1249.2392224928974,30.301186561584473,20.78737191,0.496,4.97718203781729,0.28,0.21,0.37,0.5,0.6425,1.0,1.0,1.0,1.0,1.0,48.550000000000004,"['quote_volume_24h<1e+06', 'top_of_book_quote<250', 'depth_10bps<1000']",quote_volume_24h<1e+06; top_of_book_quote<250; depth_10bps<1000,False
mexc,KAITOUSDT,KAITO-USDT,KAITO,USDT,True,1,True,0.3909,1449469.9917,3647237.96,0.3906,1035.91,0.3908,234.0,5.125576627370015,90.877696,0.0001,0.0,0.0,1.0,0.0,0.0005,exchangeInfo.quotePrecision/baseSizePrecision/quoteAmountPrecision,1,False,0.958374628344896,0.9281466798810704,0.8458870168483648,92.83201189296332,0.3901,0.3903,0.3902,0.00019999999999997797,90.877696,91.33019999999999,76,191,90.877696,91.33019999999999,90.877696,955.2532470000001,264.53504,264.53504,3967.922383,2500.3239630000003,2500.3239630000003,288,1774223400.0,1774309500.0,288,0,1.0,0.0,56.57415013917236,49.55443211727496,0.07011494252873561,0.12908893286170528,2291.991901,500,5.56689552792726,29934.600439,333.285586628317,58.00102758407593,21.8213965,0.46,11.037616692153742,0.42,0.19,0.44999999999999996,0.36,0.27899999999999997,1.0,1.0,1.0,1.0,1.0,47.30799999999999,"['top_of_book_quote<250', 'depth_10bps<1000']",top_of_book_quote<250; depth_10bps<1000,False
mexc,CAKEUSDT,CAKE-USDT,CAKE,USDT,True,1,True,1.409,1169534.556,841810.17,1.408,983.53,1.409,944.57,7.104795737121775,405.41952,0.001,0.001,0.001,1.0,0.0,0.0005,exchangeInfo.quotePrecision/baseSizePrecision/quoteAmountPrecision,1,False,0.9504459861248761,0.8934588701684837,0.985629335976214,94.32358771060456,1.407,1.408,1.4075,0.0009999999999998899,2784.42486,405.41952,129,200,2784.42486,405.41952,405.41952,2784.42486,405.41952,405.41952,39383.86188,25339.84765,25339.84765,288,1774223400.0,1774309500.0,288,0,1.0,0.0,29.93122860612087,26.245109202529477,0.06007067137809164,-0.029338894226498644,2013.348775,500,4.123144584936778,14085.37916,116.1521096206707,21.2015700340271,8.199895,0.502,4.212820426311977,0.37,0.23,0.25,0.7,0.351,1.0,1.0,1.0,1.0,1.0,47.292,['depth_10bps<1000'],depth_10bps<1000,False
mexc,GUNUSDT,GUN-USDT,GUN,USDT,True,1,True,0.02279,2146221.20368,83767132.72,0.0228,7785.6,0.02281,544.8,8.76808417360771,12.432336,1e-05,0.0,0.0,1.0,0.0,0.0005,exchangeInfo.quotePrecision/baseSizePrecision/quoteAmountPrecision,1,False,0.9677898909811695,0.9405351833498513,0.5981169474727452,88.70416253716552,0.0228,0.02282,0.02281,1.9999999999999185e-05,1024.1395200000002,12.432336,101,200,1024.1395200000002,12.432336,12.432336,2129.3585741,369.164784,369.164784,3681.4690342000004,2219.9910465999997,2219.9910465999997,288,1774223400.0,1774309500.0,288,0,1.0,0.0,101.52927574659095,74.78004224186017,0.08981723237597901,-0.005897765046511406,5496.66843225,500,9.702457956015524,21456.086170900002,416.3535479476068,21.150383949279785,13.382224400000002,0.502,11.57941389889917,0.52,0.22,0.14,0.07,0.6339999999999999,1.0,1.0,1.0,1.0,1.0,47.288,"['top_of_book_quote<250', 'depth_10bps<1000']",top_of_book_quote<250; depth_10bps<1000,False
mexc,GRTUSDT,GRT-USDT,GRT,USDT,True,1,True,0.02522,359234.20312,14455471.35,0.02522,40360.8,0.02523,3780.0,3.962750148602969,95.3694,1e-05,0.001,0.001,1.0,0.0,0.0005,exchangeInfo.quotePrecision/baseSizePrecision/quoteAmountPrecision,1,False,0.8894945490584737,0.9474727452923687,0.856788899900892,89.74479682854312,0.02523,0.02524,0.025235,9.999999999999593e-06,95.3694,103.423424,77,200,95.3694,103.423424,95.3694,2587.6627281,1109.5716570000002,1109.5716570000002,5136.8179489,2389.9155245,2389.9155245,288,1774223400.0,1774309500.0,288,0,1.0,0.0,28.54684926783547,26.066218427493457,0.07579908675799048,-0.008118132528324698,788.94597365,500,6.464124111182935,15223.871667299998,196.81799182029735,15.490370035171509,10.7961338,0.49,7.203797412738575,0.08,0.33,0.55,0.38,0.5005,1.0,1.0,1.0,1.0,1.0,46.366,"['quote_volume_24h<1e+06', 'top_of_book_quote<250']",quote_volume_24h<1e+06; top_of_book_quote<250,False
mexc,VETUSDT,VET-USDT,VET,USDT,True,1,True,0.007052,444233.407318,63227450.05,0.00705,33156.96,0.007053,12485.6,4.256828662645663,87.9735376,1e-06,10.0,10.0,1.0,0.0,0.0005,exchangeInfo.quotePrecision/baseSizePrecision/quoteAmountPrecision,1,False,0.9058473736372646,0.9425173439048563,0.8334985133795837,90.05450941526264,0.007046,0.007049,0.0070475,2.999999999999531e-06,87.9735376,434.23193408,152,200,1146.14850808,435.66202658,435.66202658,2186.81036258,1661.1756353,1661.1756353,4465.96497598,3951.3490678599996,3951.3490678599996,288,1774223400.0,1774309500.0,288,0,1.0,0.0,25.74631154471046,26.649636999392033,0.06106106106106105,0.017993759789518567,746.9412916199999,500,2.922552362396493,51364.39123395,300.2302458876766,22.018956899642944,23.63668609,0.514,6.048237687045844,0.14,0.42,0.51,0.32,0.2595,1.0,1.0,1.0,1.0,1.0,45.594,"['quote_volume_24h<1e+06', 'top_of_book_quote<250']",quote_volume_24h<1e+06; top_of_book_quote<250,False
mexc,HUSDT,H-USDT,H,USDT,True,1,True,0.10026,888890.60974,9260291.66,0.10025,4783.97,0.10043,5718.43,12.938541925852709,479.7368898,1e-05,0.0,0.0,1.0,0.0,0.0005,exchangeInfo.quotePrecision/baseSizePrecision/quoteAmountPrecision,1,False,0.9410307234886026,0.7180376610505451,0.964816650148662,89.00396432111002,0.10041,0.10054,0.10047500000000001,0.0001300000000000051,479.7368898,636.2342118,130,200,0.0,0.0,0.0,479.7368898,636.2342118,479.7368898,4395.9342958,2664.6162611,2664.6162611,288,1774223400.0,1774309500.0,288,0,1.0,0.0,49.61050131049445,39.78025946540821,0.10468085106382974,0.0414673835234635,1624.8673130000002,500,8.25082508250825,52859.4602349,872.2683207079208,17.913328170776367,32.2122257,0.464,3.8343193224397956,0.29,0.25,0.050000000000000044,0.72,0.5865,1.0,1.0,1.0,1.0,1.0,45.558,"['quote_volume_24h<1e+06', 'depth_10bps<1000']",quote_volume_24h<1e+06; depth_10bps<1000,False
mexc,ZKUSDT,ZK-USDT,ZK,USDT,True,1,True,0.01821,344258.90453,19307065.28,0.0182,102575.36,0.01821,19950.32,5.4899807850670275,327.581024,1e-05,0.0,0.0,1.0,0.0,0.0005,exchangeInfo.quotePrecision/baseSizePrecision/quoteAmountPrecision,1,False,0.8855302279484638,0.921209117938553,0.9578790882061446,90.89197224975223,0.01821,0.01822,0.018215000000000002,9.999999999999593e-06,1268.3148456000001,327.581024,139,200,1268.3148456000001,327.581024,327.581024,4797.9296616,2073.515522,2073.515522,29923.865300100002,42736.3982451,29923.865300100002,288,1774223400.0,1774309500.0,288,0,1.0,0.0,34.56988479819967,31.659055571971926,0.07307307307307333,0.06602192102425276,669.66071435,500,3.161222339304531,16190.125810999998,102.36117477976818,34.058164834976196,18.9252981,0.478,6.2969045159923285,0.06,0.47,0.4,0.64,0.198,1.0,1.0,1.0,1.0,1.0,44.736,['quote_volume_24h<1e+06'],quote_volume_24h<1e+06,False
mexc,EURIUSDT,EURI-USDT,EURI,USDT,True,1,True,1.1605,453516.1822,391842.69,1.1604,251.5,1.1607,99.06,6.030583674347817,211.854306,0.0001,0.0,0.0,1.0,0.0,0.0005,exchangeInfo.quotePrecision/baseSizePrecision/quoteAmountPrecision,1,False,0.9068384539147671,0.9663032705649157,0.8820614469772051,91.6749256689792,1.1604,1.1611,1.1607500000000002,0.0006999999999999229,1909.0320600000002,211.854306,39,44,4413.19152,3750.735296,3750.735296,8836.736448,15295.971763,8836.736448,108674.110479,131849.778087,108674.110479,288,1774223400.0,1774309500.0,288,0,1.0,0.0,5.07035286107659,5.859088885418572,0.06334841628959441,0.005465628579716912,618.570441,500,3.465003465003465,9479.881289,65.69564302841303,34.23299765586853,4.922216000000001,0.488,0.840773154785043,0.15,0.68,0.32999999999999996,0.61,0.227,1.0,0.0,1.0,0.0,0.3333333333333333,43.41733333333333,"['quote_volume_24h<1e+06', 'top_of_book_quote<250', 'natr_bps_mean<10']",quote_volume_24h<1e+06; top_of_book_quote<250; natr_bps_mean<10,False
mexc,LUNCUSDT,LUNC-USDT,LUNC,USDT,True,1,True,3.901e-05,477760.49886667,12697370781.28,3.9e-05,31780556.46,3.902e-05,2607809.9,5.1308363263202725,88.3317697493,1e-08,0.001,0.001,1.0,0.0,0.0005,exchangeInfo.quotePrecision/baseSizePrecision/quoteAmountPrecision,1,False,0.9098116947472745,0.9276511397423192,0.8686818632309217,90.60455896927651,3.897e-05,3.899e-05,3.8979999999999996e-05,1.999999999999642e-08,107.5494473082,88.3317697493,200,200,107.5494473082,88.3317697493,88.3317697493,2896.5158450844997,1034.7362561904,1034.7362561904,8663.0879644404,4122.215826453,4122.215826453,288,1774223400.0,1774309500.0,288,0,1.0,0.0,30.00357347495751,26.800256262983083,0.10515247108307053,0.05512182375161329,784.9131194059,500,4.617515776512237,24826.1072745852,229.26988401956473,38.55189633369446,11.0582540166,0.516,5.8476964702702645,0.17,0.32,0.43999999999999995,0.33,0.262,1.0,1.0,1.0,1.0,1.0,43.303999999999995,"['quote_volume_24h<1e+06', 'top_of_book_quote<250']",quote_volume_24h<1e+06; top_of_book_quote<250,False
mexc,CETUSUSDT,CETUS-USDT,CETUS,USDT,True,1,True,0.0235,1143749.90761,48921172.99,0.02348,8181.61,0.0235,2075.28,8.528784648188767,95.75762040000001,1e-05,0.0,0.0,1.0,0.0,0.0005,exchangeInfo.quotePrecision/baseSizePrecision/quoteAmountPrecision,1,False,0.9494549058473737,0.8681863230921705,0.7819623389494549,89.56392467789892,0.02344,0.02346,0.02345,2.0000000000002655e-05,437.9173312,95.75762040000001,74,200,437.9173312,95.75762040000001,95.75762040000001,494.5429552,280.3989268,280.3989268,1331.0243922,1044.672932,1044.672932,288,1774223400.0,1774309500.0,288,0,1.0,0.0,77.61793433493608,56.40456901597483,0.059306229019022765,0.09630871382144388,2281.3451125,500,7.718034473887317,24195.0246046,373.4760679897093,61.192946434020996,15.946841100000002,0.518,9.100702800770046,0.36,0.2,0.15000000000000002,0.39,0.3855,1.0,1.0,1.0,1.0,1.0,42.786,"['top_of_book_quote<250', 'depth_10bps<1000']",top_of_book_quote<250; depth_10bps<1000,False
mexc,LDOUSDT,LDO-USDT,LDO,USDT,True,1,True,0.2935,234603.2059,812916.63,0.2933,722.77,0.2934,558.0,3.406574689151576,71.421136,0.0001,0.0001,0.0001,1.0,0.0,0.0005,exchangeInfo.quotePrecision/baseSizePrecision/quoteAmountPrecision,1,False,0.8498513379583746,0.9544103072348861,0.9098116947472745,88.79831516352826,0.2935,0.2936,0.29355,0.0001000000000000445,347.19876,71.421136,95,200,347.19876,71.421136,71.421136,1569.633326,4957.5347440000005,1569.633326,22112.253602,29045.968956,22112.253602,288,1774223400.0,1774309500.0,288,0,1.0,0.0,29.79484664356571,32.48250633545728,0.0768166089965404,0.05924589985158795,281.9212275,500,2.7210884353741496,15887.45703,86.46235118367346,31.679115772247314,15.332729500000001,0.5,8.74627723221482,0.02,0.4,0.5900000000000001,0.28,0.177,1.0,1.0,1.0,1.0,1.0,42.284,"['quote_volume_24h<1e+06', 'top_of_book_quote<250']",quote_volume_24h<1e+06; top_of_book_quote<250,False
mexc,JTOUSDT,JTO-USDT,JTO,USDT,True,1,True,0.3304,534994.2654,1646057.62,0.3303,430.0,0.3305,457.6,6.049606775558923,89.289,0.0001,0.0,0.0,1.0,0.0,0.0005,exchangeInfo.quotePrecision/baseSizePrecision/quoteAmountPrecision,1,False,0.9187314172447968,0.9117938553022795,0.8994053518334986,91.31318136769079,0.3305,0.3307,0.3306,0.00019999999999997797,93.91488000000001,89.289,78,200,93.91488000000001,89.289,89.289,183.09588000000002,183.02448800000002,183.02448800000002,1216.66068,935.47395,935.47395,288,1774223400.0,1774309500.0,288,0,1.0,0.0,76.7911319384452,83.9591462487237,0.12043111527647611,-0.12380603741949306,357.88739999999996,500,10.118043844856661,16051.918708000001,324.8280345632378,30.64527916908264,14.815889,0.466,12.69357410942639,0.2,0.13,0.31999999999999995,0.34,0.5704999999999999,1.0,1.0,1.0,1.0,1.0,42.086,"['quote_volume_24h<1e+06', 'top_of_book_quote<250', 'depth_10bps<1000']",quote_volume_24h<1e+06; top_of_book_quote<250; depth_10bps<1000,False
mexc,IPUSDT,IP-USDT,IP,USDT,True,1,True,0.6654,991851.8792,1516320.25,0.665,73.12,0.6656,145.97,13.512499061632187,19.44847,0.0001,0.0,0.0,1.0,0.0,0.0005,exchangeInfo.quotePrecision/baseSizePrecision/quoteAmountPrecision,1,False,0.9435084241823588,0.8597621407333994,0.7809712586719524,89.00644202180378,0.6656,0.6665,0.66605,0.0009000000000000119,1176.401408,19.44847,71,200,0.0,0.0,0.0,1176.401408,928.3305780000001,928.3305780000001,4612.967584999999,928.3305780000001,928.3305780000001,288,1774223400.0,1774309500.0,288,0,1.0,0.0,44.15858199683214,40.3063624989498,0.012778235779060175,-0.00830696705542255,1668.37176,500,8.537279453614115,61351.060827,1047.5423021115537,4.124166488647461,39.64681350000001,0.448,3.267980393221073,0.31,0.31,0.030000000000000027,0.16,0.7455,1.0,1.0,0.25556471558120347,1.0,0.7518549051937345,41.864549051937345,"['quote_volume_24h<1e+06', 'top_of_book_quote<250', 'depth_10bps<1000']",quote_volume_24h<1e+06; top_of_book_quote<250; depth_10bps<1000,False
mexc,BONKUSDT,BONK-USDT,BONK,USDT,True,1,True,5.966e-06,1085646.457255825,184030160911.0,5.96e-06,1249558610.0,5.968e-06,24470000.0,13.413816230718647,22.203776896,1e-09,0.0,0.0,1.0,0.0,0.0005,exchangeInfo.quotePrecision/baseSizePrecision/quoteAmountPrecision,1,False,0.9469772051536175,0.7854311199207136,0.9008919722497523,89.73736372646184,5.96e-06,5.968e-06,5.964e-06,8.000000000000601e-09,7915.0701836,22.203776896,188,200,0.0,0.0,0.0,7915.0701836,1981.6267660939998,1981.6267660939998,10536.400211021,26838.621069976,10536.400211021,288,1774223400.0,1774309500.0,288,0,1.0,0.0,37.490971942910015,33.88398901622586,0.0832342449464922,0.023478057287946497,2017.0580666805,500,4.420866489832007,39678.857337926995,350.8298615201326,37.37931180000305,23.253996745000002,0.5,2.7949519583437317,0.33,0.45,0.040000000000000036,0.17,0.2525,1.0,1.0,1.0,0.8974759791718658,0.9658253263906219,41.60825326390622,['top_of_book_quote<250'],top_of_book_quote<250,False
mexc,BARDUSDT,BARD-USDT,BARD,USDT,True,1,True,0.4975,329335.952,660510.33,0.4974,416.32,0.4976,162.8,2.0114653525090818,4.415136,0.0001,0.0,0.0,1.0,0.0,0.0005,exchangeInfo.quotePrecision/baseSizePrecision/quoteAmountPrecision,1,False,0.8840436075322101,0.9469772051536174,0.8250743310208127,88.79831516352826,0.4971,0.4972,0.49715,9.999999999998899e-05,126.06456,4.415136,82,164,317.62824,89.79160000000002,89.79160000000002,1332.084382,493.51492,493.51492,1820.266851,769.9586770000001,769.9586770000001,288,1774223400.0,1774309500.0,288,0,1.0,0.0,49.388841972534934,46.97964448975741,0.024665257223396825,-0.19804589276586743,483.150478,500,3.0902348578491963,14520.964092000002,89.74637881334982,6.855073690414429,20.207904499999998,0.556,24.55366278664844,0.05,0.27,0.75,0.03,0.4085,1.0,1.0,0.4933051444679365,0.8482112404450519,0.7805054616376629,41.547054616376634,"['quote_volume_24h<1e+06', 'top_of_book_quote<250', 'depth_10bps<1000']",quote_volume_24h<1e+06; top_of_book_quote<250; depth_10bps<1000,False
mexc,OPUSDT,OP-USDT,OP,USDT,True,1,True,0.1136,2185105.5658,18890861.01,0.1135,12922.05,0.1136,38767.39,17.621145374449842,75.228192,0.0001,0.01,0.01,1.0,0.0,0.0005,exchangeInfo.quotePrecision/baseSizePrecision/quoteAmountPrecision,1,False,0.9692765113974232,0.8627353815659069,0.9871159563924677,94.62091179385533,0.1134,0.1136,0.1135,0.00020000000000000573,132.960366,75.228192,103,200,0.0,0.0,0.0,132.960366,75.228192,75.228192,1046.421222,959.144499,959.144499,288,1774223400.0,1774309500.0,288,0,1.0,0.003472222222222222,39.93417631252045,34.63340119066098,0.015151515151515171,-0.03259729714508741,3911.6139059999996,500,10.460251046025105,143610.749495,3004.408985251046,26.723289012908936,74.281452,0.508,2.266264505735471,0.54,0.06,0.010000000000000009,0.3,0.6114999999999999,0.9984375000000001,1.0,0.3030303030303034,0.6331322528677354,0.6453875186326796,40.49625018632679,"['top_of_book_quote<250', 'depth_10bps<1000']",top_of_book_quote<250; depth_10bps<1000,False
mexc,PENDLEUSDT,PENDLE-USDT,PENDLE,USDT,True,1,True,1.234,589032.677,494130.85,1.234,285.92,1.235,2410.08,8.100445524504753,205.53504,0.001,0.0001,0.0001,1.0,0.0,0.0005,exchangeInfo.quotePrecision/baseSizePrecision/quoteAmountPrecision,1,False,0.9226957383548068,0.8771060455896927,0.9568880079286423,91.81367690782955,1.234,1.235,1.2345000000000002,0.001000000000000112,205.53504,2976.4488,96,200,205.53504,2976.4488,205.53504,205.53504,2976.4488,205.53504,8151.010690000001,14130.298400000001,8151.010690000001,288,1774223400.0,1774309500.0,288,0,1.0,0.003472222222222222,42.15433591588547,34.995148868891675,0.09336941813261114,-0.0406560212629503,828.98074,500,5.950019833399445,32851.17914,390.93033486711624,50.713690996170044,21.5476,0.496,5.20395276881548,0.22,0.17,0.18999999999999995,0.6,0.29250000000000004,0.9984375000000001,1.0,1.0,1.0,1.0,40.014375,"['quote_volume_24h<1e+06', 'top_of_book_quote<250', 'depth_10bps<1000']",quote_volume_24h<1e+06; top_of_book_quote<250; depth_10bps<1000,False
mexc,MORPHOUSDT,MORPHO-USDT,MORPHO,USDT,True,1,True,1.698,374471.2175,221173.17,1.6969,352.96,1.6982,99.44,7.658095490559081,176.749104,0.0001,0.0,0.0,1.0,0.0,0.0005,exchangeInfo.quotePrecision/baseSizePrecision/quoteAmountPrecision,1,False,0.8944499504459861,0.8810703666997026,0.9142715559960357,89.50693756194252,1.6969,1.6982,1.6975500000000001,0.0012999999999998568,176.749104,188.92475,102,200,176.749104,188.92475,176.749104,2347.426332,188.92475,188.92475,4930.031232,8617.946614,4930.031232,288,1774223400.0,1774309500.0,288,0,1.0,0.0,35.76152635913176,41.28983667988992,0.03253541768441637,0.03779192229431966,623.9066025,500,7.878151260504201,8257.034963,130.1003408035714,7.763883352279663,8.494452500000001,0.5,4.66976762084237,0.09,0.14,0.20999999999999996,0.56,0.6545000000000001,1.0,1.0,0.6507083536883274,1.0,0.8835694512294424,39.48969451229443,"['quote_volume_24h<1e+06', 'top_of_book_quote<250', 'depth_10bps<1000']",quote_volume_24h<1e+06; top_of_book_quote<250; depth_10bps<1000,False
mexc,ORDIUSDT,ORDI-USDT,ORDI,USDT,True,1,True,2.397,325050.503,137575.87,2.396,37.8,2.397,37.8,4.169272461954929,82.74151,0.001,0.0,0.0,1.0,0.0,0.0005,exchangeInfo.quotePrecision/baseSizePrecision/quoteAmountPrecision,1,False,0.8830525272547076,0.9435084241823588,0.8409316154608524,88.97423191278494,2.398,2.399,2.3985000000000003,0.0009999999999998899,90.6444,82.74151,83,200,90.6444,82.74151,82.74151,264.16323,1771.45351,264.16323,9455.19666,15076.88316,9455.19666,288,1774223400.0,1774309500.0,288,0,1.0,0.0,35.02577941710841,32.078385400521135,0.07022900763358729,-0.04452689403740443,445.46384,500,3.274394237066143,15821.054519999998,103.60873948919449,27.537609577178955,16.563000000000002,0.498,8.400933193194378,0.04,0.18,0.53,0.31,0.2635,1.0,1.0,1.0,1.0,1.0,38.681999999999995,"['quote_volume_24h<1e+06', 'top_of_book_quote<250', 'depth_10bps<1000']",quote_volume_24h<1e+06; top_of_book_quote<250; depth_10bps<1000,False
mexc,PIUSDT,PI-USDT,PI,USDT,True,1,True,0.18907,921567.84965,4833618.0,0.18927,500.0,0.18943,500.0,8.449960390810325,94.63499999999999,1e-05,0.0,0.0,1.0,0.0,0.0005,exchangeInfo.quotePrecision/baseSizePrecision/quoteAmountPrecision,1,False,0.9415262636273538,0.869177403369673,0.8553022794846382,90.61942517343905,0.18927,0.18943,0.18935,0.00015999999999999348,94.63499999999999,94.71499999999999,200,200,94.63499999999999,94.71499999999999,94.63499999999999,4876.4617837000005,1546.51076,1546.51076,18205.915095700002,11039.8553028,11039.8553028,288,1774223400.0,1774309500.0,288,0,1.0,0.006944444444444444,37.60270720953692,34.24130909618106,0.0011991366216325154,-0.037244303547710245,2296.53736955,500,2.607561929595828,84331.2622085,439.797977619296,68.73257851600647,60.25122245,0.444,4.450045381328816,0.3,0.39,0.16000000000000003,0.37,0.06300000000000003,0.9968750000000001,1.0,0.023982732432650308,1.0,0.6746609108108834,37.991359108108846,"['quote_volume_24h<1e+06', 'top_of_book_quote<250']",quote_volume_24h<1e+06; top_of_book_quote<250,False
mexc,IMXUSDT,IMX-USDT,IMX,USDT,True,1,True,0.1609,434142.9989,2795881.17,0.1607,684.0,0.1608,684.0,6.216972334472427,1.2003139999999999,0.0001,0.0001,0.0001,1.0,0.0,0.0005,exchangeInfo.quotePrecision/baseSizePrecision/quoteAmountPrecision,1,False,0.9048562933597621,0.9098116947472745,0.8771060455896927,90.05450941526264,0.1608,0.1609,0.16085,9.999999999998899e-05,109.9872,1.2003139999999999,78,200,109.9872,1.2003139999999999,1.2003139999999999,786.2995780000001,1501.189014,786.2995780000001,1777.0916220000001,2425.0947850000002,1777.0916220000001,288,1774223400.0,1774309500.0,288,0,1.0,0.0,36.050976141741,32.65045962363325,0.052511415525114534,-0.037849287261515124,795.292859,500,3.942181340341656,21968.023688,173.20386613403417,27.86060357093811,21.127283499999997,0.496,5.798799512399679,0.13,0.29,0.29000000000000004,0.01,0.2925,1.0,1.0,1.0,1.0,1.0,37.14999999999999,"['quote_volume_24h<1e+06', 'top_of_book_quote<250', 'depth_10bps<1000']",quote_volume_24h<1e+06; top_of_book_quote<250; depth_10bps<1000,False
mexc,WAXPUSDT,WAXP-USDT,WAXP,USDT,True,1,True,0.007527,1208648.039948,157298367.11,0.00752,116996.8,0.007531,105190.4,19.911063914515502,19.2135017,1e-06,0.001,0.001,1.0,0.0,0.0005,exchangeInfo.quotePrecision/baseSizePrecision/quoteAmountPrecision,1,False,0.9529236868186323,0.7680872150644202,0.9767096134786918,91.14717542120913,0.007526,0.007541,0.0075335,1.5000000000000256e-05,19.2135017,1218.86480052,94,200,0.0,0.0,0.0,19.2135017,1218.86480052,19.2135017,2451.4700441,3614.93356776,2451.4700441,288,1774223400.0,1774309500.0,288,0,1.0,0.0,69.33959078466081,56.51875128034474,0.1061300309597522,0.004622134556012269,2447.150437655,500,3.822142948146261,20231.90141865,154.65843866976684,6.450621604919434,18.699202675000002,0.494,3.4824653811748894,0.38,0.01,0.0,0.15,0.4645,1.0,1.0,1.0,1.0,1.0,36.094,"['top_of_book_quote<250', 'depth_10bps<1000']",top_of_book_quote<250; depth_10bps<1000,False
mexc,STGUSDT,STG-USDT,STG,USDT,True,1,True,0.1978,459248.3641,2488155.6,0.198,630.0,0.1982,630.0,10.08064516129061,124.929,0.0001,0.1,0.1,1.0,0.0,0.0005,exchangeInfo.quotePrecision/baseSizePrecision/quoteAmountPrecision,1,False,0.9073339940535183,0.8419226957383548,0.88800792864222,88.71159563924678,0.1983,0.1985,0.19840000000000002,0.00020000000000000573,124.929,703.4522400000001,54,200,0.0,0.0,0.0,124.929,703.4522400000001,124.929,1882.341552,2104.477092,1882.341552,288,1774223400.0,1774309500.0,288,0,1.0,0.0,50.515358726692575,43.515364614609915,0.1715481171548115,-0.0214343935376019,920.400982,500,6.090133982947625,31805.007861,387.3935184043849,30.304530143737793,27.064789000000005,0.502,5.011123585687761,0.16,0.1,0.10999999999999999,0.45,0.3725,1.0,1.0,1.0,1.0,1.0,35.67,"['quote_volume_24h<1e+06', 'top_of_book_quote<250', 'depth_10bps<1000']",quote_volume_24h<1e+06; top_of_book_quote<250; depth_10bps<1000,False
mexc,FARTCOINUSDT,FARTCOIN-USDT,FARTCOIN,USDT,True,1,True,0.17751,1065907.6782,5715573.96,0.17721,8223.25,0.17732,570.83,6.205398696866217,29.296810400000002,1e-05,0.0,0.0,1.0,0.0,0.0005,exchangeInfo.quotePrecision/baseSizePrecision/quoteAmountPrecision,1,False,0.9464816650148662,0.9103072348860257,0.8676907829534193,92.16798810703666,0.17721,0.17732,0.177265,0.00010999999999999899,1457.2421325,29.296810400000002,200,200,1457.2421325,112.28725039999999,112.28725039999999,1486.4920878,112.28725039999999,112.28725039999999,2513.3794137,2678.5457211999997,2513.3794137,288,1774223400.0,1774309500.0,288,0,1.0,0.0,57.34196172935913,58.18524427566201,0.03792889623811503,0.09609145536488573,725.5220762,500,2.6109660574412534,43895.358531000005,229.21858240731072,78.85667681694031,23.2367215,0.48,9.240657132686309,0.32,0.09,0.30000000000000004,0.18,0.06250000000000001,1.0,1.0,0.7585779247623006,1.0,0.9195259749207668,35.66525974920767,"['top_of_book_quote<250', 'depth_10bps<1000']",top_of_book_quote<250; depth_10bps<1000,False
mexc,KATUSDT,KAT-USDT,KAT,USDT,True,1,True,0.01253,656423.38566,53539204.77,0.01256,41685.86,0.01258,22954.75,7.95861520095471,90.73344,1e-05,0.0,0.0,1.0,0.0,0.0005,exchangeInfo.quotePrecision/baseSizePrecision/quoteAmountPrecision,1,False,0.9266600594648167,0.7487611496531219,0.9474727452923687,88.63478691774034,0.01256,0.01257,0.012565,9.999999999999593e-06,90.73344,710.3191356,54,125,90.73344,710.3191356,90.73344,90.73344,710.3191356,90.73344,5097.055406200001,8273.6046448,5097.055406200001,288,1774223400.0,1774309500.0,288,0,1.0,0.0,94.0985661892312,79.6763498951194,0.0510046367851622,-0.07492427480080585,1616.0226906999997,500,3.4029038112522687,61171.354826099996,416.32047295440105,59.206806898117065,62.69958225,0.496,11.823484841677383,0.25,0.07,0.19999999999999996,0.35,0.17149999999999999,1.0,1.0,1.0,1.0,1.0,35.458,"['quote_volume_24h<1e+06', 'top_of_book_quote<250', 'depth_10bps<1000']",quote_volume_24h<1e+06; top_of_book_quote<250; depth_10bps<1000,False
mexc,APEUSDT,APE-USDT,APE,USDT,True,1,True,0.0909,420556.1215,4649875.06,0.0908,47698.79,0.0909,6701.14,11.007154650521628,203.61599999999999,0.0001,0.01,0.01,1.0,0.0,0.0005,exchangeInfo.quotePrecision/baseSizePrecision/quoteAmountPrecision,1,False,0.9018830525272548,0.8275520317145688,0.9727452923686819,89.74727452923688,0.0908,0.0909,0.09085,9.999999999998899e-05,3609.105688,203.61599999999999,62,200,0.0,0.0,0.0,3609.105688,203.61599999999999,203.61599999999999,17145.443974,4842.78781,4842.78781,288,1774223400.0,1774309500.0,288,0,1.0,0.0,39.51668984794247,30.46915599837918,0.05954825462012343,-0.07892431880494638,1054.6845825,500,4.496402877697841,28623.901983,257.40919049460433,33.610644578933716,20.023142999999997,0.496,3.590091272685969,0.11,0.16,0.09999999999999998,0.58,0.2765,1.0,1.0,1.0,1.0,1.0,35.397999999999996,"['quote_volume_24h<1e+06', 'top_of_book_quote<250', 'depth_10bps<1000']",quote_volume_24h<1e+06; top_of_book_quote<250; depth_10bps<1000,False
mexc,DCRUSDT,DCR-USDT,DCR,USDT,True,1,True,22.725,717663.016,31166.83,22.72,1.16,22.731,7.74,5.268935236004591,1.59467,0.001,0.001,0.001,1.0,0.0,0.0005,exchangeInfo.quotePrecision/baseSizePrecision/quoteAmountPrecision,1,False,0.9306243805748265,0.9340931615460852,0.7041625371655104,88.6199207135778,22.769,22.781,22.775,0.012000000000000455,26.412039999999998,1.59467,132,200,26.412039999999998,402.10222999999996,26.412039999999998,28.005239999999997,403.46980999999994,28.005239999999997,237.29948,412.81978999999995,237.29948,288,1774223400.0,1774309500.0,288,0,1.0,0.0,37.18408425804513,38.6812286492714,0.020310796074154962,0.12666523097364343,1019.002915,500,4.0290088638195005,10563.77218,85.1230634971797,33.22032308578491,9.89735,0.476,7.0572293248078815,0.26,0.03,0.42000000000000004,0.02,0.2605,1.0,1.0,0.4062159214830992,1.0,0.8020719738276997,34.866719738277006,"['quote_volume_24h<1e+06', 'top_of_book_quote<250', 'depth_10bps<1000']",quote_volume_24h<1e+06; top_of_book_quote<250; depth_10bps<1000,False
mexc,GIGGLEUSDT,GIGGLE-USDT,GIGGLE,USDT,True,1,True,26.97,432639.53,16713.07,26.93,3.42,26.94,8.21,7.440476190476031,8.061,0.01,0.0,0.0,1.0,0.0,0.0005,exchangeInfo.quotePrecision/baseSizePrecision/quoteAmountPrecision,1,False,0.904360753221011,0.9514370664023786,0.8488602576808721,90.50297324083252,26.87,26.89,26.880000000000003,0.019999999999999574,8.061,279.656,68,200,8.061,279.656,8.061,864.0892,1006.7629999999999,864.0892,4271.677299999999,4983.5253,4271.677299999999,288,1774223400.0,1774309500.0,288,0,1.0,0.0,51.25699904577252,54.90212708366998,0.12393736017897088,-0.18151833166540055,785.3198500000001,500,2.4077046548956664,23775.5018,114.48877271268057,45.50836181640625,22.88825,0.496,6.888940671751974,0.12,0.3,0.22999999999999998,0.05,0.08200000000000002,1.0,1.0,1.0,1.0,1.0,33.944,"['quote_volume_24h<1e+06', 'top_of_book_quote<250', 'depth_10bps<1000']",quote_volume_24h<1e+06; top_of_book_quote<250; depth_10bps<1000,False
mexc,REDUSDT,RED-USDT,RED,USDT,True,1,True,0.1188,297959.7459,2500760.05,0.1189,3317.83,0.119,15025.76,8.406893652794366,201.65144999999998,0.0001,0.0,0.0,1.0,0.0,0.0005,exchangeInfo.quotePrecision/baseSizePrecision/quoteAmountPrecision,1,False,0.8751238850346879,0.8699207135777998,0.9598612487611496,89.07705649157582,0.1189,0.119,0.11895,9.999999999998899e-05,313.78780100000006,201.65144999999998,44,120,313.78780100000006,201.65144999999998,201.65144999999998,313.78780100000006,201.65144999999998,201.65144999999998,8261.618914,3820.6575879999996,3820.6575879999996,288,1774223400.0,1774309500.0,288,0,1.0,0.0,33.588236400305796,29.59643755175395,0.020905923344947796,-0.06222273195012176,498.9340995,500,3.3359279439564107,20689.948778,138.040356575114,12.564730167388916,19.999438,0.482,3.9953207198168146,0.03,0.15,0.17000000000000004,0.57,0.382,1.0,1.0,0.4181184668989559,1.0,0.8060394889663186,33.64439488966318,"['quote_volume_24h<1e+06', 'top_of_book_quote<250', 'depth_10bps<1000']",quote_volume_24h<1e+06; top_of_book_quote<250; depth_10bps<1000,False
mexc,GRASSUSDT,GRASS-USDT,GRASS,USDT,True,1,True,0.3356,638865.4358,1815996.99,0.3357,230.04,0.336,282.79,8.929900282780846,12.318065,0.0001,0.0,0.0,1.0,0.0,0.0005,exchangeInfo.quotePrecision/baseSizePrecision/quoteAmountPrecision,1,False,0.9246778989098117,0.8602576808721507,0.8225966303270565,88.81565906838455,0.3358,0.3361,0.33594999999999997,0.00030000000000002247,49.815929999999994,12.318065,86,200,49.815929999999994,12.318065,12.318065,49.815929999999994,94.25336700000001,49.815929999999994,2759.1973,1393.290381,1393.290381,288,1774223400.0,1774309500.0,288,0,1.0,0.0,67.72216941322074,56.392563984147564,0.019211324570273008,-0.07427414495043229,898.8917265,500,8.004268943436498,48842.982524,781.9047362433297,29.07310175895691,24.697476,0.508,7.5837542714566,0.23,0.04,0.13,0.06,0.4965,1.0,1.0,0.3842264914054601,1.0,0.7947421638018201,32.7854216380182,"['quote_volume_24h<1e+06', 'top_of_book_quote<250', 'depth_10bps<1000']",quote_volume_24h<1e+06; top_of_book_quote<250; depth_10bps<1000,False
mexc,XMNUSDT,XMN-USDT,XMN,USDT,True,1,True,0.00875,481103.55663,54237077.1,0.00875,15792.66,0.00876,66999.63,11.422044545973263,138.18560000000002,1e-05,0.0,0.0,1.0,0.0,0.0005,exchangeInfo.quotePrecision/baseSizePrecision/quoteAmountPrecision,1,False,0.910802775024777,0.8206144697720515,0.8974231912784936,88.5579781962339,0.00875,0.00876,0.008755,9.999999999999593e-06,138.18560000000002,586.9166712,31,86,0.0,0.0,0.0,138.18560000000002,586.9166712,138.18560000000002,887.8858444,725.7534888,725.7534888,288,1774223400.0,1774309500.0,288,0,1.0,0.3819444444444444,14.706366980125377,14.709311781303779,0.07284768211920391,0.11429450958651251,121.270737,500,3.190131858783497,30830.9474951,196.7095756811995,1677.064025402069,37.99993750000001,0.492,1.2875424291100295,0.18,0.11,0.07999999999999996,0.46,0.11699999999999999,0.828125,0.9673741089028197,1.0,0.14377121455501474,0.7037151078192782,28.20240107819278,"['quote_volume_24h<1e+06', 'top_of_book_quote<250', 'depth_10bps<1000', 'zero_volume_fraction>0.20']",quote_volume_24h<1e+06; top_of_book_quote<250; depth_10bps<1000; zero_volume_fraction>0.20,False
