connector,exchange_symbol,trading_pair,base_asset,quote_asset,is_active,status_detail,permissions_spot,last_price,quote_volume_24h,volume_base_24h,bid_price,bid_quantity,ask_price,ask_quantity,spread_bps,top_of_book_quote,price_tick_estimate,amount_step_estimate,min_order_size_base_estimate,min_notional_quote_estimate,maker_fee_estimate,taker_fee_estimate,rule_estimate_source,raw_trade_side_type,book_crossed,coarse_volume_rank,coarse_spread_rank,coarse_top_rank,coarse_score,best_bid,best_ask,mid_price,spread_abs,bid_top_quote,ask_top_quote,orderbook_levels_bid,orderbook_levels_ask,bid_depth_quote_5bps,ask_depth_quote_5bps,sym_depth_quote_5bps,bid_depth_quote_10bps,ask_depth_quote_10bps,sym_depth_quote_10bps,bid_depth_quote_25bps,ask_depth_quote_25bps,sym_depth_quote_25bps,bid_depth_quote_50bps,ask_depth_quote_50bps,sym_depth_quote_50bps,bid_depth_quote_100bps,ask_depth_quote_100bps,sym_depth_quote_100bps,bid_depth_quote_1xspread,ask_depth_quote_1xspread,sym_depth_quote_1xspread,bid_depth_quote_2xspread,ask_depth_quote_2xspread,sym_depth_quote_2xspread,n_candles,candle_first_ts,candle_last_ts,candle_expected,candle_missing,coverage_ratio,zero_volume_fraction,natr_bps_mean,realized_vol_bps,efficiency_ratio,lag1_return_autocorr,median_quote_volume_per_bar,recent_trade_count,trades_per_minute,trade_quote_volume,trade_quote_volume_per_minute,last_trade_age_sec,median_trade_quote,buy_trade_fraction,vol_to_spread_ratio,volume_rank,depth_rank,spread_rank,top_rank,activity_rank,quality_rank,alpha_natr_score,alpha_efficiency_score,alpha_edge_score,alpha_rank,screen_score,rejection_reasons,rejection_reason,passed_filters
mexc,SOLUSDT,SOL-USDT,SOL,USDT,True,1,True,90.7,153687179.34,1710931.369,90.64,5.849,90.65,610.844,1.1032048099735356,2177.6849500000003,0.01,0.01,0.01,1.0,0.0,0.0005,exchangeInfo.quotePrecision/baseSizePrecision/quoteAmountPrecision,1,False,0.9991677070328756,0.9829308909242298,0.9687760199833472,98.90301655958085,90.64,90.65,90.64500000000001,0.010000000000005116,2893.04752,2177.6849500000003,200,200,134082.09839,212916.48011,134082.09839,679348.0046399999,815726.73859,679348.0046399999,1495567.7647,2042000.75328,1495567.7647,1504876.58374,2045445.93043,1504876.58374,1770911.40667,2353311.61635,1770911.40667,2893.04752,2177.6849500000003,2177.6849500000003,14520.15148,51801.34255,14520.15148,288,1774239000.0,1774325100.0,288,0,1.0,0.0,34.29261263499529,36.66633883893305,0.09901454716095746,0.037359309825718535,314601.53091000003,500,63.291139240506325,381096.58817,48240.074451898734,6.920546054840088,134.59279500000002,0.462,31.08453872297558,0.98,0.96,0.79,0.86,0.9215,1.0,1.0,1.0,0.630515375900814,0.8768384586336047,92.06638458633604,[],,True
mexc,DOGEUSDT,DOGE-USDT,DOGE,USDT,True,1,True,0.0936,39978765.32777,428387862.67,0.09359,508.8,0.0936,133235.88,1.0686615014689955,3895.8131496,1e-05,1.0,1.0,1.0,0.0,0.0005,exchangeInfo.quotePrecision/baseSizePrecision/quoteAmountPrecision,1,False,0.9970869746150645,0.984179850124896,0.7739383846794338,94.92304755053964,0.09357,0.09358,0.09357499999999999,9.999999999996123e-06,3895.8131496,5666.306432,200,200,111079.38592310001,118822.394328,111079.38592310001,340015.4633895,274980.1031968,274980.1031968,1232763.9464387,857020.10467,857020.10467,1233092.7357381,863837.0655853,863837.0655853,1499974.6067082,1234410.6907545,1234410.6907545,3895.8131496,5666.306432,3895.8131496,8150.6422052,14543.222470200002,8150.6422052,288,1774239300.0,1774325400.0,288,0,1.0,0.0,31.37156956286046,33.727889120784155,0.06597792909133639,0.007680172426618479,65733.08223165001,500,25.402201524132092,163943.6388816,8329.05870693988,3.6466736793518066,30.5742878,0.512,29.35594621845805,0.93,0.93,0.8200000000000001,0.91,0.8945,1.0,1.0,1.0,0.6881351260513983,0.8960450420171328,91.01445042017133,[],,True
mexc,ADAUSDT,ADA-USDT,ADA,USDT,True,1,True,0.2619,19874150.4171,76720395.32,0.2616,22028.01,0.2617,30220.56,3.82043935052489,7053.729759999999,0.0001,0.1,0.1,1.0,0.0,0.0005,exchangeInfo.quotePrecision/baseSizePrecision/quoteAmountPrecision,1,False,0.9945900957136912,0.9492089925062448,0.9945878434637802,98.32443694618473,0.2617,0.2618,0.26175,9.999999999998899e-05,10648.735254000001,7053.729759999999,200,200,10648.735254000001,7053.729759999999,7053.729759999999,80497.669859,86798.37151,80497.669859,319836.098492,250016.564823,250016.564823,581225.301142,436698.116741,436698.116741,936922.363644,834269.816147,834269.816147,10648.735254000001,7053.729759999999,7053.729759999999,46875.456414,53040.253150000004,46875.456414,288,1774239300.0,1774325400.0,288,0,1.0,0.0,34.58091167285713,35.768674162159364,0.07849293563579308,-0.030135254312765265,32496.385255999998,500,13.5623869801085,231623.683252,6282.740052043399,2.066716432571411,65.537354,0.496,9.05155363037135,0.88,0.89,0.5700000000000001,0.92,0.8079999999999999,1.0,1.0,1.0,1.0,1.0,85.09599999999999,[],,True
mexc,LTCUSDT,LTC-USDT,LTC,USDT,True,1,True,55.51,10371772.8,188061.8367,55.51,58.88,55.52,121.0536,1.8013149599216638,1581.946184,0.01,0.001,0.001,1.0,0.0,0.0005,exchangeInfo.quotePrecision/baseSizePrecision/quoteAmountPrecision,1,False,0.9904286308780691,0.9750208159866778,0.9925062447960034,98.6992199938808,55.51,55.52,55.515,0.010000000000005116,1581.946184,6720.895872000001,200,200,21078.468184,30365.884512,21078.468184,76504.885688,89729.839952,76504.885688,232460.179846,217778.333165,217778.333165,505610.717488,359822.650452,359822.650452,569305.764921,379696.234458,379696.234458,1581.946184,6720.895872000001,1581.946184,5767.667384,19489.330800000003,5767.667384,288,1774239000.0,1774325100.0,288,0,1.0,0.0,23.40196351982167,25.06388044523392,0.08360477741585227,-0.00505649157837409,17782.6344405,500,19.305019305019307,58223.250318,2248.001942779923,11.675223588943481,20.933218000000004,0.492,12.991600048022352,0.81,0.88,0.74,0.83,0.744,1.0,1.0,1.0,1.0,1.0,84.44800000000001,[],,True
mexc,BNBUSDT,BNB-USDT,BNB,USDT,True,1,True,632.72,49007726.92,76699.0615,632.61,14.3072,632.62,1.0203,0.15807152736598942,572.909728,0.01,0.001,0.001,1.0,0.0,0.0005,exchangeInfo.quotePrecision/baseSizePrecision/quoteAmountPrecision,1,False,0.9975031210986267,0.9977102414654455,0.9754371357202332,99.31417041146528,632.62,632.63,632.625,0.009999999999990905,11858.841472,572.909728,200,200,95580.612164,63862.421065,63862.421065,122142.93730800001,91829.92628100001,91829.92628100001,153348.78860200002,135374.904544,135374.904544,153877.691009,135391.413764,135391.413764,170672.514499,149178.879924,149178.879924,11858.841472,572.909728,572.909728,14283.002992,1229.336992,1229.336992,288,1774239000.0,1774325100.0,288,0,1.0,0.0,20.936207291429298,23.783903879902574,0.02959493540583664,0.00506125293225558,64550.9090515,500,61.98347107438017,124044.138761,15377.372573677685,5.326375722885132,63.287947,0.496,132.44768137752504,0.94,0.7,0.96,0.71,0.9324999999999999,1.0,1.0,0.5918987081167328,0.0,0.5306329027055776,84.09632902705576,[],,True
mexc,LINKUSDT,LINK-USDT,LINK,USDT,True,1,True,9.123,32418921.426,3590466.39,9.119,50.0,9.12,90.65,1.0965513460161698,455.95,0.001,0.01,0.01,1.0,0.0,0.0005,exchangeInfo.quotePrecision/baseSizePrecision/quoteAmountPrecision,1,False,0.9962546816479401,0.9833472106577852,0.9650291423813488,98.67827060470832,9.119,9.12,9.119499999999999,0.0009999999999994458,455.95,3845.8127999999997,200,200,6769.14774,39084.7952,6769.14774,31867.14857,63131.05498,31867.14857,288874.36131999997,399350.07287,288874.36131999997,769807.00407,804007.46843,769807.00407,1202485.3759,1070664.12503,1070664.12503,455.95,3845.8127999999997,455.95,455.95,8803.62356,455.95,288,1774239000.0,1774325100.0,288,0,1.0,0.0,32.94026703640847,38.31984449425289,0.09143881667413709,-0.005192566020307918,69201.24734999999,500,9.88793671720501,480575.65914,9503.80341081081,22.627481937408447,41.88723,0.498,30.039876523869346,0.91,0.92,0.8,0.66,0.5690000000000001,1.0,1.0,1.0,0.6653374492043551,0.8884458164014517,84.03245816401451,[],,True
mexc,GOLD(PAXG)USDT,GOLD(PAXG)-USDT,GOLD(PAXG),USDT,True,1,True,4362.2,57194280.11,13182.91689,4362.2,1.48632,4362.21,11.97558,0.022919299999239716,1391.3585257,0.01,1e-06,1e-06,1.0,0.0,0.0005,exchangeInfo.quotePrecision/baseSizePrecision/quoteAmountPrecision,1,False,0.997919267582189,0.9991673605328892,0.9950041631973355,99.76482699428934,4363.13,4363.14,4363.135,0.010000000000218279,1391.3585257,2696.3332572,200,200,62663.8343412,37170.0030698,37170.0030698,129539.92742210001,87005.0923718,87005.0923718,204094.8830932,119177.1797429,119177.1797429,208356.8111004,155403.6915748,155403.6915748,308734.7166069,691518.0019415,308734.7166069,1391.3585257,2696.3332572,1391.3585257,7572.6778921000005,2696.3332572,2696.3332572,288,1774239000.0,1774325100.0,288,0,1.0,0.0,41.653119857931266,33.97719286971793,0.004631065351774759,0.12495284751247218,92829.04969399999,500,32.39740820734341,156461.04714850002,10137.864826036717,13.716707468032837,57.9514782,0.514,1817.3818510736799,0.95,0.75,0.98,0.82,0.794,1.0,1.0,0.09262130703549518,0.0,0.364207102345165,83.21007102345165,[],,True
mexc,TRXUSDT,TRX-USDT,TRX,USDT,True,1,True,0.3094,10821906.3701,35195371.2,0.3095,64237.34,0.3096,34605.81,3.230495881117396,10713.958776,0.0001,1.0,1.0,1.0,0.0,0.0005,exchangeInfo.quotePrecision/baseSizePrecision/quoteAmountPrecision,1,False,0.9912609238451935,0.958368026644463,0.9962531223980017,98.40361392555725,0.3095,0.3096,0.30955,9.999999999998899e-05,20179.47428,10713.958776,200,200,72381.819748,104315.193691,72381.819748,146107.91011,203909.12146300002,146107.91011,1040920.7651920001,873847.163105,873847.163105,1391953.37318,1319751.574275,1319751.574275,1531988.150937,1474151.05251,1474151.05251,20179.47428,10713.958776,10713.958776,72381.819748,104315.193691,72381.819748,288,1774239300.0,1774325400.0,288,0,1.0,0.0,14.336746695487713,11.9977534862085,0.014409221902017393,0.0102733436127232,24017.622554999998,500,21.770682148040642,120459.448709,5244.968739143687,16.438863039016724,18.791701500000002,0.486,4.43793993958871,0.82,0.95,0.61,0.93,0.6980000000000001,1.0,0.9263051883875237,0.2881844380403478,1.0,0.7381632088092905,81.6376320880929,[],,True
mexc,TAOUSDT,TAO-USDT,TAO,USDT,True,1,True,313.55,25085771.12,87313.636,313.48,0.248,313.59,0.035,4.450661241098244,2845.51372,0.01,0.01,0.01,1.0,0.0,0.0005,exchangeInfo.quotePrecision/baseSizePrecision/quoteAmountPrecision,1,False,0.9954223886808157,0.95503746877602,0.556203164029975,89.74823137744488,314.49,314.63,314.56,0.13999999999998636,12835.28037,2845.51372,200,200,12835.28037,2845.51372,2845.51372,24005.86171,10335.50926,10335.50926,114492.25142,61099.527799999996,61099.527799999996,142877.80464,102320.95305,102320.95305,154862.71839,164770.25652,154862.71839,12835.28037,2845.51372,2845.51372,17443.79865,10335.50926,10335.50926,288,1774239300.0,1774325400.0,288,0,1.0,0.0,70.37581881039387,55.784477872850346,0.1294224765868887,-0.0595273907350118,66539.07337,500,144.92753623188406,167125.13299999997,48442.06753623187,5.414564371109009,52.671260000000004,0.444,15.812441117856894,0.9,0.64,0.5,0.88,0.9615,1.0,1.0,1.0,1.0,1.0,80.978,[],,True
mexc,UNIUSDT,UNI-USDT,UNI,USDT,True,1,True,3.584,6555532.486,1833514.52,3.584,192.32,3.585,286.97,2.7882336539811345,846.8907,0.001,0.001,0.001,1.0,0.0,0.0005,exchangeInfo.quotePrecision/baseSizePrecision/quoteAmountPrecision,1,False,0.9870994590095714,0.9641965029142381,0.9762697751873439,97.92077832212927,3.586,3.587,3.5865,0.001000000000000334,1441.6078599999998,846.8907,151,200,7563.5689600000005,14426.10726,7563.5689600000005,15865.84351,48240.00719,15865.84351,67568.18032,98440.6082,67568.18032,178440.49364,182265.82253,178440.49364,202463.53305,199610.13239,199610.13239,1441.6078599999998,846.8907,846.8907,7563.5689600000005,14426.10726,7563.5689600000005,288,1774239300.0,1774325400.0,288,0,1.0,0.0,33.734122120349284,32.966036437262,0.04392470051340578,-0.011667825761367516,8709.44511,500,7.727975270479134,122817.57404,1898.2623499227202,26.002541542053223,32.371849999999995,0.49,12.09874289845923,0.74,0.76,0.6699999999999999,0.77,0.4825,1.0,1.0,0.8784940102681156,1.0,0.9594980034227052,75.22498003422704,[],,True
mexc,TRUMPUSDT,TRUMP-USDT,TRUMP,USDT,True,1,True,3.273,3762100.974,1155089.98,3.273,289.42,3.274,80.59,3.054834275240231,536.70682,0.001,0.0,0.0,1.0,0.0,0.0005,exchangeInfo.quotePrecision/baseSizePrecision/quoteAmountPrecision,1,False,0.9791926758218893,0.9616985845129059,0.9454621149042465,96.80730408111148,3.273,3.274,3.2735000000000003,0.0009999999999998899,1183.45134,536.70682,154,200,16590.2523,17286.85807,16590.2523,38089.58671,27060.279909999997,27060.279909999997,175899.00045,136464.28545,136464.28545,291589.88546,259986.03446999998,259986.03446999998,386111.47131,337320.24453,337320.24453,1183.45134,536.70682,536.70682,16590.2523,17286.85807,16590.2523,288,1774239300.0,1774325400.0,288,0,1.0,0.0,33.57448011765919,32.19257864466311,0.04358812381554,0.034009463395647095,5384.538225,500,6.0325759099135325,46964.40966,566.6327326764527,6.714797258377075,15.296565000000001,0.492,10.99060606651695,0.62,0.83,0.64,0.69,0.5545,1.0,1.0,0.8717624763108001,1.0,0.9572541587702666,73.46654158770266,[],,True
mexc,HBARUSDT,HBAR-USDT,HBAR,USDT,True,1,True,0.09301,6180935.31089,66773457.07,0.09294,134.4,0.09295,11847.0,1.075789360442808,355.53375,1e-05,0.01,0.01,1.0,0.0,0.0005,exchangeInfo.quotePrecision/baseSizePrecision/quoteAmountPrecision,1,False,0.9858510195588848,0.9837635303913406,0.5745212323064113,90.3063189816504,0.09295,0.09296,0.09295500000000001,9.999999999996123e-06,355.53375,473.35232,200,200,4398.528394,10316.36307,4398.528394,11696.193059000001,17816.34676,11696.193059000001,86505.6851976,125687.4556344,86505.6851976,96694.5417095,137364.7279026,96694.5417095,137635.68273200002,181945.854016,137635.68273200002,355.53375,473.35232,355.53375,883.358598,991.957574,883.358598,288,1774239300.0,1774325400.0,288,0,1.0,0.0,30.304716099995023,29.213016988018428,0.0678466076696166,0.00592095617046328,8889.8772238,500,12.20008133387556,61495.41088170001,1500.4980288336724,30.099615573883057,38.41946215,0.504,28.1697488507613,0.72,0.63,0.81,0.61,0.5359999999999999,1.0,1.0,1.0,0.7276750383079567,0.9092250127693188,73.24425012769319,[],,True
mexc,WLDUSDT,WLD-USDT,WLD,USDT,True,1,True,0.3221,5828356.2126,18322580.58,0.3221,5336.08,0.3222,3311.28,3.1022180859328214,1177.27584,0.0001,0.0,0.0,1.0,0.0,0.0005,exchangeInfo.quotePrecision/baseSizePrecision/quoteAmountPrecision,1,False,0.9854348730753225,0.9608659450457951,0.9829308909242298,97.87918446377222,0.3223,0.3224,0.32235,0.0001000000000000445,1218.5518399999999,1177.27584,195,200,4611.266288,3500.2562399999997,3500.2562399999997,12271.880102,7801.907872,7801.907872,122544.58483499999,42616.315658,42616.315658,239015.347676,109914.370219,109914.370219,285157.742995,137943.644528,137943.644528,1218.5518399999999,1177.27584,1177.27584,4611.266288,3500.2562399999997,3500.2562399999997,288,1774239300.0,1774325400.0,288,0,1.0,0.0,43.023600669573916,35.94505416387395,0.05511811023622058,-0.04848916990603163,13029.352277499998,500,10.869565217391305,75348.722958,1638.0157164782609,27.957449436187744,24.218543000000004,0.486,13.868657675830981,0.71,0.65,0.62,0.8,0.53,1.0,1.0,1.0,1.0,1.0,72.72,[],,True
mexc,TONUSDT,TON-USDT,TON,USDT,True,1,True,1.332,2908210.616,2239139.31,1.332,11314.73,1.333,9448.44,7.504690431518874,12594.77052,0.001,0.001,0.001,1.0,0.0,0.0005,exchangeInfo.quotePrecision/baseSizePrecision/quoteAmountPrecision,1,False,0.976695796920516,0.8900915903413822,0.9966694421315571,95.90394743179407,1.332,1.333,1.3325,0.0009999999999998899,15262.362360000001,12594.77052,200,200,15262.362360000001,12594.77052,12594.77052,15262.362360000001,12594.77052,12594.77052,85122.23715,113010.91881,85122.23715,388524.21397000004,205045.13616,205045.13616,551088.35698,236148.08199,236148.08199,15262.362360000001,12594.77052,12594.77052,36047.77745,44902.59636,36047.77745,288,1774239300.0,1774325400.0,288,0,1.0,0.0,25.597420836251615,18.657017614973324,0.16556291390728603,-0.04194261453622215,6372.3016,500,8.31255195344971,145437.33822,2417.910859850374,23.076282262802124,55.792320000000004,0.45,3.410856326430903,0.59,0.82,0.25,0.94,0.52,1.0,1.0,1.0,1.0,1.0,68.32,[],,True
mexc,DOTUSDT,DOT-USDT,DOT,USDT,True,1,True,1.422,6242973.661,4328620.68,1.419,610.82,1.42,7808.4,7.054673721339611,2131.52342,0.001,0.001,0.001,1.0,0.0,0.0005,exchangeInfo.quotePrecision/baseSizePrecision/quoteAmountPrecision,1,False,0.9866833125260092,0.8963363863447127,0.980849292256453,96.29297769267738,1.417,1.418,1.4175,0.0009999999999998899,12534.980379999999,2131.52342,187,200,12534.980379999999,2131.52342,2131.52342,12534.980379999999,2131.52342,2131.52342,62876.9405,82455.05619,62876.9405,120768.46165,159131.41662,120768.46165,243637.60865,267217.72507,243637.60865,12534.980379999999,2131.52342,2131.52342,40864.34014,12173.78642,12173.78642,288,1774239300.0,1774325400.0,288,0,1.0,0.0,39.585421753847804,35.25587251051324,0.01932367149758451,-0.061249777738675494,12070.18377,500,6.377551020408163,148926.08751,1899.567442729592,9.76388430595398,50.71959,0.528,5.611233533608544,0.73,0.68,0.31000000000000005,0.85,0.5225,1.0,1.0,0.38647342995169015,1.0,0.7954911433172299,67.1049114331723,[],,True
mexc,WXTUSDT,WXT-USDT,WXT,USDT,True,1,True,0.021112,2021878.513877,96443997.22,0.021104,81948.0,0.021108,80169.0,1.4210937685036031,1620.495712,1e-06,0.0,0.0,1.0,0.0,0.0005,exchangeInfo.quotePrecision/baseSizePrecision/quoteAmountPrecision,1,False,0.9675405742821473,0.974188176519567,0.9870940882597835,97.31131776370295,0.021109,0.021112,0.021110499999999997,2.999999999999531e-06,1620.495712,1774.189144,115,200,6163.789802,8986.133294000001,6163.789802,9531.027842,15791.777955000001,9531.027842,19784.836558000003,29699.880447,19784.836558000003,34290.531732,36982.765545,34290.531732,49169.09344712,56401.956987,49169.09344712,1620.495712,2583.978259,1620.495712,1620.495712,4954.016938,1620.495712,288,1774239300.0,1774325400.0,288,0,1.0,0.0,23.083296532425184,26.320907281010925,0.09495865564150441,0.030037273393340627,3727.6803550000004,500,8.769365682548962,38227.511111,670.4620481321251,11.762587308883667,73.345606,0.482,16.243331048261265,0.45,0.42,0.78,0.84,0.63,1.0,1.0,1.0,1.0,1.0,65.96,[],,True
mexc,ZROUSDT,ZRO-USDT,ZRO,USDT,True,1,True,2.132,2381017.168,1129299.96,2.131,167.38,2.132,341.17,4.687133817669979,530.27766,0.001,0.0,0.0,1.0,0.0,0.0005,exchangeInfo.quotePrecision/baseSizePrecision/quoteAmountPrecision,1,False,0.9712858926342073,0.9333888426311407,0.9567027477102414,95.88950011486475,2.133,2.134,2.1334999999999997,0.0009999999999998899,636.55119,530.27766,167,200,636.55119,530.27766,530.27766,4790.28415,1349.15691,1349.15691,21328.00364,12485.368639999999,12485.368639999999,125338.17211999999,48431.91865,48431.91865,286979.31451,152264.56941999999,152264.56941999999,636.55119,530.27766,530.27766,4790.28415,1349.15691,1349.15691,288,1774239300.0,1774325400.0,288,0,1.0,0.0,64.65524150243114,54.30642134599972,0.07767944936086514,-0.03288674653503864,4537.80313,500,23.273855702094647,50489.20712,2350.1570420480994,2.8682796955108643,33.187664999999996,0.488,13.7941957745452,0.49,0.46,0.47,0.68,0.879,1.0,1.0,1.0,1.0,1.0,64.46799999999999,[],,True
mexc,ASTERUSDT,ASTER-USDT,ASTER,USDT,True,1,True,0.6588,2814065.3496,4229920.71,0.6581,166.59,0.6583,110.93,4.556846662109319,408.4017,0.0001,0.0,0.0,1.0,0.0,0.0005,exchangeInfo.quotePrecision/baseSizePrecision/quoteAmountPrecision,1,False,0.9758635039533916,0.9625312239800167,0.8155703580349709,94.04718047763637,0.6582,0.6585,0.65835,0.00029999999999996696,1629.650544,408.4017,200,200,4295.705778,584.11618,584.11618,42390.851345,3913.374059,3913.374059,89957.166515,53698.301123000005,53698.301123000005,138347.489146,137386.029921,137386.029921,307007.569864,263014.47374600003,263014.47374600003,4295.705778,584.11618,584.11618,39093.209315,3913.374059,3913.374059,288,1774239300.0,1774325400.0,288,0,1.0,0.0,24.281654682859433,22.89021693137143,0.04659793814432996,-0.04415455155856884,5087.1405035,500,4.279600570613409,83237.193847,712.4438845677604,42.6339156627655,27.145301000000003,0.486,5.328609120154089,0.57,0.71,0.48,0.65,0.1995,1.0,1.0,0.9319587628865992,1.0,0.9773195876288664,62.92719587628866,[],,True
mexc,SHIBUSDT,SHIB-USDT,SHIB,USDT,True,1,True,6.076e-06,4928952.016805382,817992075062.0,6.075e-06,131546493.0,6.079e-06,65773246.0,8.227067050596382,1090.964143125,1e-09,10000.0,10000.0,1.0,0.0,0.0005,exchangeInfo.quotePrecision/baseSizePrecision/quoteAmountPrecision,1,False,0.982521847690387,0.9038301415487094,0.9608659450457951,95.85177406260492,6.075e-06,6.08e-06,6.077500000000001e-06,4.999999999999952e-09,1090.964143125,3873.5889030400003,200,200,1090.964143125,3873.5889030400003,1090.964143125,2179.682383581,4964.939196373,2179.682383581,61555.018393013,34445.008772216,34445.008772216,206239.44701535598,78432.52787806,78432.52787806,335636.03100917,156996.886507325,156996.886507325,1090.964143125,4564.873431736,1090.964143125,2887.3140505839997,7058.466567812,2887.3140505839997,288,1774239300.0,1774325400.0,288,0,1.0,0.0,36.53479579784453,33.11109150155786,0.08079930495221549,0.05666295044425536,11378.340907282,500,5.749329244921426,116672.368833958,1341.5757244226677,13.845469951629639,29.361266852,0.504,4.440804429228046,0.66,0.6,0.18000000000000005,0.79,0.41350000000000003,1.0,1.0,1.0,1.0,1.0,62.00199999999999,[],,True
mexc,PUMPUSDT,PUMP-USDT,PUMP,USDT,True,1,True,0.001791,2474556.030201,1367670667.43,0.00179,1956315.2,0.001791,19783387.11,5.585032113935396,1280.27254761,1e-06,0.0,0.0,1.0,0.0,0.0005,exchangeInfo.quotePrecision/baseSizePrecision/quoteAmountPrecision,1,False,0.9729504785684561,0.9196502914238135,0.9933388842631141,96.37031129212271,0.00179,0.001791,0.0017905,1.0000000000001327e-06,3508.9279783999996,1280.27254761,101,200,3508.9279783999996,1280.27254761,1280.27254761,9035.74586036,8989.68551145,8989.68551145,28206.781210009998,48355.7907572,28206.781210009998,58142.70688995,79441.41661554,58142.70688995,95185.93223855,111267.45475999,95185.93223855,3508.9279783999996,1280.27254761,1280.27254761,9035.74586036,8989.68551145,8989.68551145,288,1774239300.0,1774325400.0,288,0,1.0,0.0,43.91727711327951,43.26154389327579,0.00082304526748982,-0.011466561052829179,3980.598647365,500,6.478082487583675,87843.71725632,1138.117692804837,8.894120931625366,18.602364299999998,0.508,7.863388467131653,0.53,0.5,0.39,0.81,0.5495,1.0,1.0,0.016460905349796398,1.0,0.6721536351165988,58.75553635116599,[],,True
mexc,SAHARAUSDT,SAHARA-USDT,SAHARA,USDT,True,1,True,0.02607,2391661.48199,89950296.98,0.02606,27032.0,0.02608,21950.4,3.838034926117671,362.4076,1e-05,0.0,0.0,1.0,0.0,0.0005,exchangeInfo.quotePrecision/baseSizePrecision/quoteAmountPrecision,1,False,0.9721181856013317,0.8850957535387177,0.9729392173189009,95.0526783929192,0.02605,0.02606,0.026055000000000002,9.999999999999593e-06,362.4076,727.5535040000001,84,196,362.4076,727.5535040000001,362.4076,1841.4911599,2067.937856,1841.4911599,4768.8850418,2991.5607178,2991.5607178,5625.2039192,3848.0156591,3848.0156591,9717.0369618,4679.750701,4679.750701,362.4076,727.5535040000001,362.4076,615.578896,1495.471424,615.578896,288,1774239300.0,1774325400.0,288,0,1.0,0.0,45.64775749413016,32.791725605333134,0.05020196191575296,-0.05129307502740442,7651.63626865,500,101.69491525423729,16293.169620800003,3313.8650076203394,13.976935625076294,14.8467214,0.488,11.8935232150961,0.51,0.09,0.55,0.62,0.8325,1.0,1.0,1.0,1.0,1.0,57.79,[],,True
mexc,ICPUSDT,ICP-USDT,ICP,USDT,True,1,True,2.393,2867858.652,1196511.28,2.393,388.86,2.394,71.35,4.177982034678646,260.29962,0.001,0.0001,0.0001,1.0,0.0,0.0005,exchangeInfo.quotePrecision/baseSizePrecision/quoteAmountPrecision,1,False,0.9762796504369539,0.9421315570358035,0.9088259783513739,95.42518926695503,2.393,2.394,2.3935,0.001000000000000334,2373.2577499999998,260.29962,179,200,2373.2577499999998,260.29962,260.29962,9073.20191,2201.35132,2201.35132,17665.74406,13693.70774,13693.70774,20512.36155,22279.67344,20512.36155,23134.70171,31426.41773,23134.70171,2373.2577499999998,260.29962,260.29962,9073.20191,2201.35132,2201.35132,288,1774239300.0,1774325400.0,288,0,1.0,0.0,33.00003827465542,30.10093164440675,0.005033557046980067,-0.043194767672370106,5520.229695,500,7.676560900716479,105243.43199000001,1615.8152301432958,18.520670890808105,57.419405,0.512,7.898559161036137,0.58,0.31,0.53,0.57,0.5085,1.0,1.0,0.10067114093960133,1.0,0.7002237136465338,56.26423713646533,[],,True
mexc,OPUSDT,OP-USDT,OP,USDT,True,1,True,0.1124,2387149.74,20715236.13,0.1124,28186.4,0.1125,33124.72,8.892841262783715,3168.1513600000003,0.0001,0.01,0.01,1.0,0.0,0.0005,exchangeInfo.quotePrecision/baseSizePrecision/quoteAmountPrecision,1,False,0.9717020391177694,0.8642797668609492,0.992089925062448,94.89240482425002,0.1124,0.1125,0.11245,0.00010000000000000286,3168.1513600000003,3726.5310000000004,101,200,3168.1513600000003,3726.5310000000004,3168.1513600000003,3168.1513600000003,3726.5310000000004,3168.1513600000003,31406.746095000002,21275.780274,21275.780274,77509.88396600001,65301.210952,65301.210952,105100.865386,89984.066091,89984.066091,3168.1513600000003,3726.5310000000004,3168.1513600000003,15779.550291,14061.594064,14061.594064,288,1774239300.0,1774325400.0,288,0,1.0,0.003472222222222222,41.7875946851056,35.218381118589136,0.05169867060561301,-0.037339682404952494,4765.979555,500,5.679666792881484,74703.793386,848.5853091934874,38.44606852531433,34.875015000000005,0.498,4.69901502233999,0.5,0.55,0.16000000000000003,0.89,0.28800000000000003,0.9984375000000001,1.0,1.0,1.0,1.0,56.120375,[],,True
mexc,ETCUSDT,ETC-USDT,ETC,USDT,True,1,True,8.44,2770990.18,329669.017,8.43,18.344,8.44,658.499,11.855364552459738,2599.5422399999998,0.01,0.1,0.1,1.0,0.0,0.0005,exchangeInfo.quotePrecision/baseSizePrecision/quoteAmountPrecision,1,False,0.9750312109862672,0.8238967527060783,0.8996669442131557,92.21747430615979,8.43,8.44,8.434999999999999,0.009999999999999787,2599.5422399999998,11656.644359999998,102,200,0.0,0.0,0.0,2599.5422399999998,11656.644359999998,2599.5422399999998,47230.350060000004,39284.21510999999,39284.21510999999,90059.7935,83583.69222999999,83583.69222999999,147310.1565,136135.61713,136135.61713,2599.5422399999998,11656.644359999998,2599.5422399999998,47230.350060000004,39284.21510999999,39284.21510999999,288,1774239300.0,1774325400.0,288,0,1.0,0.0,41.099279335879515,31.48515700168907,0.05960264900662259,-0.005438632919742274,4997.15111,500,3.5820895522388057,106180.65894,760.6972580776119,50.3259220123291,40.922129999999996,0.506,3.4667242119815103,0.56,0.61,0.06000000000000005,0.87,0.137,1.0,1.0,1.0,1.0,1.0,55.204,[],,True
mexc,RENDERUSDT,RENDER-USDT,RENDER,USDT,True,1,True,1.752,1338605.89,798710.9,1.752,309.31,1.753,1221.74,5.715918833951928,309.435,0.001,0.0,0.0,1.0,0.0,0.0005,exchangeInfo.quotePrecision/baseSizePrecision/quoteAmountPrecision,1,False,0.9563046192259675,0.9184013322231473,0.9704412989175687,94.96561334135828,1.749,1.75,1.7495,0.0009999999999998899,2483.35263,309.435,200,200,2483.35263,309.435,309.435,10039.904190000001,9340.88288,9340.88288,29220.033750000002,25028.152459999998,25028.152459999998,50996.01789,52364.78448,50996.01789,127694.0912,99276.59065,99276.59065,2483.35263,309.435,309.435,10039.904190000001,9340.88288,9340.88288,288,1774239300.0,1774325400.0,288,0,1.0,0.0,45.61932887543341,43.21176527527346,0.10168134507606075,0.024964851533517525,1019.401335,500,7.327796775769419,116093.41191,1701.417858964338,10.795107126235962,62.058485000000005,0.488,7.981101586757954,0.34,0.47,0.36,0.58,0.57,1.0,1.0,1.0,1.0,1.0,54.79999999999999,[],,True
mexc,CRVUSDT,CRV-USDT,CRV,USDT,True,1,True,0.2207,1112636.3564,5048462.74,0.2207,1040.24,0.2208,1719.36,4.530011325027814,368.38272,0.0001,0.01,0.01,1.0,0.0,0.0005,exchangeInfo.quotePrecision/baseSizePrecision/quoteAmountPrecision,1,False,0.9488139825218477,0.9375520399666945,0.9367194004995837,94.35795804786066,0.2207,0.2208,0.22075,9.999999999998899e-05,965.2182079999999,368.38272,91,200,965.2182079999999,368.38272,368.38272,3313.0381977999996,1612.2971280000002,1612.2971280000002,27867.5605478,28296.3537016,27867.5605478,55597.2899348,54269.51109480001,54269.51109480001,85263.596398,73987.52397360001,73987.52397360001,965.2182079999999,368.38272,368.38272,3313.0381977999996,1612.2971280000002,1612.2971280000002,288,1774239300.0,1774325400.0,288,0,1.0,0.0,38.00868091234823,35.04471832265984,0.027397260273972678,0.039437898400793606,2246.7494915999996,500,6.030150753768844,38608.772140199995,465.63343284663307,17.652150630950928,26.3463033,0.492,8.390416311401797,0.29,0.48,0.49,0.63,0.4115,1.0,1.0,0.5479452054794535,1.0,0.8493150684931511,52.871150684931514,[],,True
mexc,ATOMUSDT,ATOM-USDT,ATOM,USDT,True,1,True,1.779,1707744.28,957224.2,1.778,89.97,1.779,881.54,5.622715771717121,573.06927,0.001,0.001,0.001,1.0,0.0,0.0005,exchangeInfo.quotePrecision/baseSizePrecision/quoteAmountPrecision,1,False,0.9625468164794008,0.9192339716902581,0.9038301415487094,93.99752702959769,1.778,1.779,1.7785,0.0009999999999998899,3676.24614,573.06927,138,200,3676.24614,573.06927,573.06927,12497.4163,3321.5850699999996,3321.5850699999996,28598.11264,25495.1492,25495.1492,54468.93971,61472.99335,54468.93971,104235.38647,103923.78182999999,103923.78182999999,3676.24614,573.06927,573.06927,12497.4163,3321.5850699999996,3321.5850699999996,288,1774239300.0,1774325400.0,288,0,1.0,0.0,29.508226361452174,24.88681962247159,0.0012422360248448617,-0.014081076093609932,2854.206045,500,4.476275738585497,43861.28558,392.6704170098478,25.114570140838623,25.38936,0.496,5.2480380583848465,0.38,0.49,0.38,0.72,0.2815,1.0,1.0,0.024844720496897232,1.0,0.6749482401656324,50.88748240165633,[],,True
