connector,exchange_symbol,trading_pair,base_asset,quote_asset,is_active,status_detail,last_price,quote_volume_24h,volume_base_24h,bid_price,ask_price,spread_bps,top_of_book_quote,price_tick_estimate,amount_step_estimate,min_order_size_base_estimate,min_notional_quote_estimate,rule_estimate_source,last_trade_at_ms,book_crossed,coarse_volume_rank,coarse_spread_rank,coarse_top_rank,coarse_score,best_bid,best_ask,mid_price,spread_abs,bid_top_quote,ask_top_quote,orderbook_levels_bid,orderbook_levels_ask,bid_depth_quote_5bps,ask_depth_quote_5bps,sym_depth_quote_5bps,bid_depth_quote_10bps,ask_depth_quote_10bps,sym_depth_quote_10bps,bid_depth_quote_25bps,ask_depth_quote_25bps,sym_depth_quote_25bps,n_candles,candle_first_ts,candle_last_ts,candle_expected,candle_missing,coverage_ratio,zero_volume_fraction,natr_bps_mean,realized_vol_bps,efficiency_ratio,lag1_return_autocorr,median_quote_volume_per_bar,recent_trade_count,trades_per_minute,trade_quote_volume,trade_quote_volume_per_minute,last_trade_age_sec,median_trade_quote,buy_trade_fraction,vol_to_spread_ratio,volume_rank,depth_rank,spread_rank,top_rank,activity_rank,quality_rank,alpha_natr_score,alpha_efficiency_score,alpha_edge_score,alpha_rank,screen_score,rejection_reasons,rejection_reason,passed_filters
nonkyc,USDC/USDT,USDC-USDT,USDC,USDT,True,active,0.9983,2381417.7071,2381306.71,0.9977,0.9988,11.01928374655637,0.769076,0.0001,0.01,,,market.getlist.priceDecimals/quantityDecimals,1774313071901.0,False,0.9742489270386266,0.9608695652173913,0.0,77.60543011755925,0.9977,0.9988,0.9982500000000001,0.0010999999999999899,64.271834,0.769076,58,54,0.0,0.0,0.0,54659.682791,0.769076,0.769076,539727.856703,0.769076,0.769076,288,1774229100.0,1774315500.0,289,1,0.9965397923875432,0.0,15.04651182927278,13.015544556590283,0.009659379766141566,-0.5559625458849218,3611.9692274999998,200,3.7244861062657315,32090.844353,597.609519655423,22.973385095596313,131.01689199999998,0.52,1.3654709485065177,0.925,0.975,0.9625,0.75,0.7012499999999999,0.9980968858131487,0.5872093191060651,0.1931875953228313,0.18273547425325887,0.3210441295607184,84.70641015373866,"['top_of_book_quote<75', 'depth_10bps<250']",top_of_book_quote<75; depth_10bps<250,False
nonkyc,XRP/USDT,XRP-USDT,XRP,USDT,True,active,1.4236,3455137.2535,2439889.7,1.4235,1.4262,18.94936309085114,0.156585,0.0001,0.01,,,market.getlist.priceDecimals/quantityDecimals,1774315814855.0,False,0.9914163090128756,0.9391304347826087,0.0,78.00615786527338,1.4235,1.4262,1.42485,0.0026999999999999247,0.156585,2026.4020079999998,85,99,0.0,0.0,0.0,0.156585,2026.4020079999998,0.156585,0.156585,2027.9007779999997,0.156585,288,1774229400.0,1774315500.0,288,0,1.0,0.0,30.44069079285057,28.320030913592305,0.05333905333905316,-0.042434028296152414,6152.455706500001,200,3.3894417759834994,87992.93964,1491.2347280370523,4.674148797988892,365.573362,0.535,1.6064228991183092,0.975,0.9125,0.925,0.1625,0.624375,1.0,1.0,1.0,0.3032114495591546,0.7677371498530515,82.91987149853051,"['top_of_book_quote<75', 'depth_10bps<250']",top_of_book_quote<75; depth_10bps<250,False
nonkyc,TRX/USDT,TRX-USDT,TRX,USDT,True,active,0.3081,425264.6684,1382727.26,0.3084,0.309,19.43634596695787,0.16995000000000002,0.0001,0.01,,,market.getlist.priceDecimals/quantityDecimals,1774315819423.0,False,0.9527896995708155,0.9347826086956522,0.0,75.77299869378616,0.3084,0.309,0.3087,0.0005999999999999894,593.725512,0.16995000000000002,53,61,0.0,0.0,0.0,593.725512,0.16995000000000002,0.16995000000000002,8630.480663000002,0.16995000000000002,0.16995000000000002,288,1774227600.0,1774315500.0,294,6,0.9795918367346939,0.0,16.878081830931755,15.659608017492276,0.029484029484029454,-0.1981592513714769,748.179902,200,3.7041026949863487,12878.368375,238.51399502432233,0.11875104904174805,37.158797,0.515,0.8683773102014541,0.8625,0.9375,0.9125,0.25,0.9143749999999999,0.9887755102040816,0.7398401525776462,0.589680589680589,0.0,0.4431735807527451,81.34199090956827,"['top_of_book_quote<75', 'depth_10bps<250']",top_of_book_quote<75; depth_10bps<250,False
nonkyc,NKYC/USDT,NKYC-USDT,NKYC,USDT,True,active,7.484608,164140.8552,21879.3518,7.477184,7.492093,19.91946571634608,35.3791615646,1e-06,0.0001,,,market.getlist.priceDecimals/quantityDecimals,1774315806984.0,False,0.9098712446351931,0.9304347826086956,0.0,73.30378802015302,7.477184,7.492093,7.4846385,0.014908999999999395,76.5013126592,35.3791615646,123,200,0.0,0.0,0.0,76.5013126592,35.3791615646,35.3791615646,136.00316032220002,114.8514396728,114.8514396728,288,1774229700.0,1774315800.0,288,0,1.0,0.0,21.993105789740632,26.723873207307683,0.025584994100768838,-0.18846326664837756,586.1819638280001,200,1.9496262079080375,8861.912247268,86.38708184727452,14.820979833602905,42.092827271800004,0.475,1.1041011894055424,0.7375,1.0,0.9,0.9,0.37312500000000004,1.0,1.0,0.5116998820153768,0.05205059470277118,0.5212501589060493,78.99000158906048,"['top_of_book_quote<75', 'depth_10bps<250']",top_of_book_quote<75; depth_10bps<250,False
nonkyc,XMR/USDT,XMR-USDT,XMR,USDT,True,active,354.41,2546035.8102,7160.709,353.38,354.48,31.079592009720077,1.41792,0.01,0.001,,,market.getlist.priceDecimals/quantityDecimals,1774315827463.0,False,0.9785407725321889,0.8782608695652174,0.0,75.77626422840082,353.38,354.48,353.93,1.1000000000000227,98.94640000000001,1.41792,168,179,0.0,0.0,0.0,0.0,0.0,0.0,98.94640000000001,1.41792,1.41792,288,1774229700.0,1774315800.0,288,0,1.0,0.0,50.262296003371816,34.62539169293217,0.01916607994993341,-0.2662894058350875,2837.5702899999997,200,6.630643851933921,115395.40308,3825.7290998691933,2.7879230976104736,187.435785,0.495,1.6172122204066381,0.9375,0.45625,0.75,0.7875,0.95625,1.0,1.0,0.38332159899866813,0.3086061102033191,0.563975903067329,77.03975903067328,"['top_of_book_quote<75', 'depth_10bps<250']",top_of_book_quote<75; depth_10bps<250,False
nonkyc,DOGE/USDT,DOGE-USDT,DOGE,USDT,True,active,0.09303,401736.0306,4305085.26,0.09306,0.09328,22.538234504963974,0.195888,1e-05,0.01,,,market.getlist.priceDecimals/quantityDecimals,1774315830580.0,False,0.944206008583691,0.9173913043478261,0.0,74.86611308079867,0.09307,0.09328,0.09317500000000001,0.00021000000000000185,3429.5057168999997,0.195888,54,165,0.0,0.0,0.0,0.0,0.0,0.0,7608.3575721,0.195888,0.195888,288,1774228500.0,1774315500.0,291,3,0.9896907216494846,0.0,34.578802062835216,36.46358592365266,0.04521276595744671,-0.09631769005870625,451.7557122,200,3.64320513403421,11598.1906522,211.27293864801314,3.7218799591064453,35.1026734,0.48,1.5342285153355444,0.8375,0.45625,0.8625,0.45,0.8006249999999999,0.9943298969072165,1.0,0.9042553191489341,0.2671142576677722,0.7237898589389021,73.4136975584612,"['top_of_book_quote<75', 'depth_10bps<250']",top_of_book_quote<75; depth_10bps<250,False
nonkyc,BTC/USDT,BTC-USDT,BTC,USDT,True,active,70850.14,16181021.601,231.371,70582.27,71127.56,73.56220607579745,13444.116971,0.01,1e-06,,,market.getlist.priceDecimals/quantityDecimals,1774315830659.0,False,1.0,0.6956521739130435,0.0,72.3913043478261,70591.0,71112.2,70851.6,521.1999999999971,14026.714064,13444.116971,107,115,0.0,0.0,0.0,0.0,0.0,0.0,0.0,0.0,0.0,288,1774229100.0,1774315500.0,289,1,0.9965397923875432,0.0,26.270371425338322,32.83484319448372,0.06843450769207425,-0.20293584772498807,26806.608125000002,200,3.6234597275585103,422626.8919741,7656.857614256862,3.798093795776367,1366.54186796,0.435,0.35711777591702054,1.0,0.45625,0.38749999999999996,1.0,0.7718750000000001,0.9980968858131487,1.0,1.0,0.0,0.6666666666666666,73.23513552479815,['depth_10bps<250'],depth_10bps<250,False
nonkyc,SOL/USDT,SOL-USDT,SOL,USDT,True,active,90.93,3059505.4166,34103.95,90.62,91.33,67.058758863299,72.528,0.01,0.01,,,market.getlist.priceDecimals/quantityDecimals,1774315813523.0,False,0.9828326180257511,0.682608695652174,0.0,71.12101138272067,90.66,91.27,90.965,0.6099999999999994,72.528,1542.4629999999997,71,48,0.0,0.0,0.0,0.0,0.0,0.0,0.0,0.0,0.0,288,1774229100.0,1774315500.0,289,1,0.9965397923875432,0.0,31.448511532248794,39.4452059179319,0.08397232092762268,-0.054759803475862616,4392.49425,200,3.80039080664803,50255.439099999996,954.9515436984996,16.259305000305176,191.5125,0.515,0.46896948385754333,0.95,0.45625,0.475,0.9125,0.7531249999999999,0.9980968858131487,1.0,1.0,0.0,0.6666666666666666,72.51013552479814,"['top_of_book_quote<75', 'depth_10bps<250']",top_of_book_quote<75; depth_10bps<250,False
nonkyc,LINK/USDT,LINK-USDT,LINK,USDT,True,active,9.1,2152965.2885,238732.83,9.09,9.12,32.9489291598016,0.7272,0.01,0.01,,,market.getlist.priceDecimals/quantityDecimals,1774315825686.0,False,0.9699570815450643,0.8652173913043478,0.0,74.97807426758723,9.09,9.12,9.105,0.02999999999999936,0.7272,489.65279999999996,53,93,0.0,0.0,0.0,0.0,0.0,0.0,0.7272,489.65279999999996,0.7272,288,1774226100.0,1774315500.0,299,11,0.9632107023411371,0.0,22.905191458370197,33.61182957630923,0.10941475826971975,0.06800447511473529,2971.87515,200,2.777398457210331,80396.3355,1116.463290915321,5.252096891403198,272.9545,0.525,0.6951725607615503,0.9125,0.45625,0.7375,0.7375,0.549375,0.9797658862876255,1.0,1.0,0.0,0.6666666666666666,71.78182552954291,"['top_of_book_quote<75', 'depth_10bps<250']",top_of_book_quote<75; depth_10bps<250,False
nonkyc,HACD/USDT,HACD-USDT,HACD,USDT,True,active,4.6674,27984.8918,5578.9013,4.6662,4.6681,4.0710069314249875,0.197585781761,0.0001,1e-08,,,market.getlist.priceDecimals/quantityDecimals,1774315319326.0,False,0.7639484978540773,0.9826086956521739,0.0,66.5823847732786,4.6662,4.6681,4.6671499999999995,0.0019000000000000128,1.928000020716,0.197585781761,70,124,1.928000020716,0.197585781761,0.197585781761,1.928000020716,0.197585781761,0.197585781761,1.928000020716,0.197585781761,0.197585781761,288,1774227900.0,1774315500.0,293,5,0.9829351535836177,0.0,51.5987275770786,81.44386114652372,0.07569574985099266,-0.08673020575018386,64.29634684999999,200,2.212663515903078,1849.9779765968,20.46689387019969,93.63660216331482,9.1184741814,0.475,12.674684284808459,0.35,0.95,0.9875,0.4625,0.270625,0.9906143344709899,1.0,1.0,1.0,1.0,70.0536433447099,"['quote_volume_24h<100000', 'top_of_book_quote<75', 'depth_10bps<250']",quote_volume_24h<100000; top_of_book_quote<75; depth_10bps<250,False
nonkyc,BNB/USDT,BNB-USDT,BNB,USDT,True,active,636.68,3100614.8835,4851.9376,632.58,637.08,70.88511885071594,0.6370800000000001,0.01,0.0001,,,market.getlist.priceDecimals/quantityDecimals,1774315732165.0,False,0.9871244635193133,0.7260869565217392,0.0,72.4440194066057,632.58,637.08,634.83,4.5,687.4879440000001,0.6370800000000001,79,63,0.0,0.0,0.0,0.0,0.0,0.0,0.0,0.0,0.0,288,1774229400.0,1774315500.0,288,0,1.0,0.0,31.820823151520155,35.647330527943474,0.02516830657690308,-0.21976321574951488,3327.8185100000005,200,3.6016308183046934,36224.771432,652.3412658776733,6.583343744277954,146.67994199999998,0.47,0.4489069591395453,0.9625,0.45625,0.42500000000000004,0.7,0.694375,1.0,1.0,0.5033661315380615,0.0,0.5011220438460205,67.96872043846021,"['top_of_book_quote<75', 'depth_10bps<250']",top_of_book_quote<75; depth_10bps<250,False
nonkyc,XLM/USDT,XLM-USDT,XLM,USDT,True,active,0.1657,228890.8831,1407195.32,0.1656,0.1661,30.14772384684959,0.18216000000000002,0.0001,0.01,,,market.getlist.priceDecimals/quantityDecimals,1774315825958.0,False,0.9227467811158798,0.8826086956521739,0.0,72.81629035267774,0.1656,0.1661,0.16585,0.0005000000000000004,0.18216000000000002,378.488748,59,69,0.0,0.0,0.0,0.0,0.0,0.0,0.18216000000000002,378.488748,0.18216000000000002,288,1774228800.0,1774315500.0,290,2,0.993103448275862,0.0,26.81241702062904,31.540838486118027,0.10824742268041299,-0.13363036749515303,265.2119145,200,3.47699806416019,5612.356807,97.57076876657634,4.911323547363281,15.029818500000001,0.485,0.8893678725742645,0.775,0.45625,0.775,0.4,0.64,0.9962068965517241,1.0,1.0,0.0,0.6666666666666666,67.63373563218391,"['top_of_book_quote<75', 'depth_10bps<250']",top_of_book_quote<75; depth_10bps<250,False
nonkyc,UNI/USDT,UNI-USDT,UNI,USDT,True,active,3.571,403596.9538,112908.48,3.564,3.59,81.10753740735537,2551.5207,0.001,0.01,,,market.getlist.priceDecimals/quantityDecimals,1774315814329.0,False,0.9484978540772532,0.7043478260869565,0.0,69.77607762642283,3.561,3.59,3.5755,0.028999999999999915,3244.03539,2551.5207,53,64,0.0,0.0,0.0,0.0,0.0,0.0,0.0,0.0,0.0,288,1774229400.0,1774315500.0,288,0,1.0,0.0,28.708514207554394,33.48062107923642,0.04411764705882338,-0.038009653127777064,397.588015,200,3.5801808349197115,10406.23014,186.2809285549593,6.5683581829071045,17.141275,0.515,0.3539561812038312,0.85,0.45625,0.3375,0.975,0.6824999999999999,1.0,1.0,0.8823529411764676,0.0,0.6274509803921559,67.18950980392155,['depth_10bps<250'],depth_10bps<250,False
nonkyc,ARB/USDT,ARB-USDT,ARB,USDT,True,active,0.0962,116406.6687,1221340.93,0.0961,0.0963,20.79002079001994,0.204693,0.0001,0.01,,,market.getlist.priceDecimals/quantityDecimals,1774315812534.0,False,0.8884120171673819,0.9217391304347826,0.0,71.90613920507558,0.0961,0.0963,0.09620000000000001,0.00019999999999999185,0.204693,361.597833,62,75,0.0,0.0,0.0,0.0,0.0,0.0,0.204693,361.597833,0.204693,288,1774229400.0,1774315800.0,289,1,0.9965397923875432,0.0,27.59852397344236,34.543265664090576,0.05597014925373088,-0.11076737787964588,141.451031,200,2.719864188032566,3456.2187690000005,47.0022282790455,5.066313982009888,11.261628,0.485,1.3274890031226318,0.675,0.45625,0.875,0.4875,0.55,0.9980968858131487,1.0,1.0,0.16374450156131592,0.7212481671871053,67.01845053000254,"['top_of_book_quote<75', 'depth_10bps<250']",top_of_book_quote<75; depth_10bps<250,False
nonkyc,ETH/USDT,ETH-USDT,ETH,USDT,True,active,2147.62,13865454.5164,6505.2328,2139.81,2154.89,71.30099872626866,0.0861956,0.01,1e-05,,,market.getlist.priceDecimals/quantityDecimals,1774315826775.0,False,0.9957081545064378,0.7304347826086957,0.0,73.02481806307148,2139.58,2154.89,2147.2349999999997,15.309999999999945,11129.560264999998,0.0861956,98,118,0.0,0.0,0.0,0.0,0.0,0.0,0.0,0.0,0.0,288,1774229100.0,1774315500.0,289,1,0.9965397923875432,0.0,33.7880388704452,38.56324481061776,0.06736502443472787,0.02337268835798051,18384.440300000002,200,3.590832962599639,253172.465466,4545.500171089658,6.752975940704346,959.0297949999999,0.525,0.4738789003525842,0.9875,0.45625,0.4125,0.075,0.6775,0.9980968858131487,1.0,1.0,0.0,0.6666666666666666,64.80263552479815,"['top_of_book_quote<75', 'depth_10bps<250']",top_of_book_quote<75; depth_10bps<250,False
nonkyc,SHIB/USDT,SHIB-USDT,SHIB,USDT,True,active,6.037e-06,495254.755,82311499670.0,6.033e-06,6.05e-06,51.2523766223034,0.177858873,1e-09,1.0,,,market.getlist.priceDecimals/quantityDecimals,1774315822260.0,False,0.9570815450643777,0.8956521739130435,0.0,75.03078932636686,6.033e-06,6.064e-06,6.0485e-06,3.100000000000021e-08,0.177858873,2654.593637392,52,119,0.0,0.0,0.0,0.0,0.0,0.0,0.0,0.0,0.0,288,1774229400.0,1774315500.0,288,0,1.0,0.0,32.82778653018855,35.42516413625213,0.06733167082294285,-0.026223966955847663,767.6224562385,200,3.54190531486744,18742.60652628,331.9226883495015,27.542032718658447,45.939969887000004,0.48,0.6405124736382066,0.875,0.45625,0.575,0.3625,0.485,1.0,1.0,1.0,0.0,0.6666666666666666,64.71166666666667,"['top_of_book_quote<75', 'depth_10bps<250']",top_of_book_quote<75; depth_10bps<250,False
nonkyc,DASH/USDT,DASH-USDT,DASH,USDT,True,active,34.42,281830.7211,8325.1429,34.19,34.48,84.4619193243044,0.33266303999999997,0.01,1e-06,,,market.getlist.priceDecimals/quantityDecimals,1774315819135.0,False,0.9399141630901288,0.6173913043478261,0.0,67.13006157865273,34.19,34.48,34.334999999999994,0.28999999999999915,0.37205557999999994,0.33266303999999997,73,200,0.0,0.0,0.0,0.0,0.0,0.0,0.0,0.0,0.0,288,1774212300.0,1774315500.0,345,57,0.8347826086956521,0.010416666666666666,36.960237670499815,54.770514835641514,0.07004470938897207,-0.30392375903293206,277.960915,200,3.652137550479883,9455.75248728,172.6685436341942,3.2923977375030518,24.997279849999998,0.485,0.4375964691091775,0.825,0.45625,0.30000000000000004,0.6,0.82125,0.9044429347826087,1.0,1.0,0.0,0.6666666666666666,64.09109601449275,"['top_of_book_quote<75', 'depth_10bps<250', 'coverage_ratio<0.95']",top_of_book_quote<75; depth_10bps<250; coverage_ratio<0.95,False
nonkyc,W/USDT,W-USDT,W,USDT,True,active,0.01655,240531.9807,14499016.65,0.01654,0.01663,54.2659029243291,0.18177459999999998,1e-05,0.01,,,market.getlist.priceDecimals/quantityDecimals,1774315824694.0,False,0.927038626609442,0.7782608695652173,0.0,70.44364620264976,0.01654,0.01663,0.016585,8.99999999999998e-05,0.18177459999999998,1855.0119756,60,46,0.0,0.0,0.0,0.0,0.0,0.0,0.0,0.0,0.0,288,1774228500.0,1774315500.0,291,3,0.9896907216494846,0.0,30.677865481519145,32.507246602191884,0.03619909502262412,-0.11554717200717834,132.38215705,200,3.578211198503906,15123.2026212,270.5700648821073,4.738416433334351,23.0293721,0.485,0.5653248877899957,0.7875,0.45625,0.55,0.375,0.709375,0.9943298969072165,1.0,0.7239819004524823,0.0,0.5746606334841607,64.02740530391378,"['top_of_book_quote<75', 'depth_10bps<250']",top_of_book_quote<75; depth_10bps<250,False
nonkyc,SUN/USDT,SUN-USDT,SUN,USDT,True,active,0.019076,157408.6035,8437341.81,0.019066,0.019082,25.186273480952586,0.1774626,1e-06,0.01,,,market.getlist.priceDecimals/quantityDecimals,1774315788581.0,False,0.9055793991416309,0.9652173913043478,0.0,73.93730173539839,0.019034,0.019082,0.019058,4.799999999999943e-05,120.00099504,0.1774626,46,45,0.0,0.0,0.0,0.0,0.0,0.0,2609.90965311,0.1774626,0.1774626,288,1774228800.0,1774315500.0,290,2,0.993103448275862,0.0,34.244176712168965,28.51059459833268,0.03564943132944692,-0.2978115922335771,207.6867963,200,3.209561068455456,15061.491611110003,241.70388553943553,65.14290022850037,50.584778985,0.545,1.359636499542758,0.725,0.45625,0.8125,0.35,0.39875,0.9962068965517241,1.0,0.7129886265889385,0.17981824977137895,0.6309356254534392,63.38142522005163,"['top_of_book_quote<75', 'depth_10bps<250']",top_of_book_quote<75; depth_10bps<250,False
nonkyc,PEPE/USDT,PEPE-USDT,PEPE,USDT,True,active,3.42e-06,165608.7776,48235919833.0,3.42e-06,3.43e-06,29.19708029197176,0.29139084,1e-08,1.0,,,market.getlist.priceDecimals/quantityDecimals,1774314810865.0,False,0.9141630901287554,0.8913043478260869,0.0,72.56157865273373,3.42e-06,3.43e-06,3.4250000000000002e-06,1.0000000000000328e-08,0.29139084,114.43047322000001,53,65,0.0,0.0,0.0,0.0,0.0,0.0,0.29139084,114.43047322000001,0.29139084,288,1774219200.0,1774315800.0,323,35,0.891640866873065,0.0,15.383067866695841,36.115185396426654,0.10067114093959717,0.12054319232035668,152.63724666000002,200,1.604683321750915,7119.44898524,57.122305233355526,9.273525476455688,25.61898585,0.515,0.5268700744343153,0.75,0.45625,0.7875,0.5875,0.346875,0.9404024767801857,0.6152556555579868,1.0,0.0,0.5384185518526623,63.37571028632847,"['top_of_book_quote<75', 'depth_10bps<250', 'coverage_ratio<0.95']",top_of_book_quote<75; depth_10bps<250; coverage_ratio<0.95,False
nonkyc,AVAX/USDT,AVAX-USDT,AVAX,USDT,True,active,9.51,769403.4548,81538.1,9.47,9.57,105.04201680672232,299.541,0.01,0.01,,,market.getlist.priceDecimals/quantityDecimals,1774315808137.0,False,0.9613733905579399,0.26956521739130435,0.0,59.61466691546931,9.47,9.57,9.52,0.09999999999999964,326.71500000000003,299.541,48,48,0.0,0.0,0.0,0.0,0.0,0.0,0.0,0.0,0.0,288,1774228500.0,1774315500.0,291,3,0.9896907216494846,0.0,24.493941858597086,33.85114853662376,0.10609480812641076,0.02419221935382639,780.3045,200,3.66324966881317,20487.9757,375.2628509883864,22.906233310699463,65.96015,0.495,0.2331823264938451,0.8875,0.45625,0.07499999999999996,0.925,0.6325000000000001,0.9943298969072165,1.0,1.0,0.0,0.6666666666666666,63.22496563573884,"['spread_bps>90', 'depth_10bps<250']",spread_bps>90; depth_10bps<250,False
nonkyc,AAVE/USDT,AAVE-USDT,AAVE,USDT,True,active,109.81,105955.6258,965.811,109.34,110.19,74.69484423392177,443.49535,0.01,0.001,,,market.getlist.priceDecimals/quantityDecimals,1774315822046.0,False,0.8669527896995708,0.6869565217391305,0.0,64.85631647695466,109.37,110.19,109.78,0.8199999999999932,443.49535,562.96071,48,46,0.0,0.0,0.0,0.0,0.0,0.0,0.0,0.0,0.0,288,1774229100.0,1774315500.0,289,1,0.9965397923875432,0.0,29.07949538856062,35.47680434794934,0.049314173742651755,-0.10693450007489703,88.59155000000001,200,3.7144032485534857,1659.1991599999997,30.814673749506067,11.463239192962646,3.73184,0.515,0.3893106102141721,0.6125,0.45625,0.375,0.9375,0.76,0.9980968858131487,1.0,0.986283474853035,0.0,0.6620944916176783,63.04691377430828,['depth_10bps<250'],depth_10bps<250,False
nonkyc,OPN/USDT,OPN-USDT,OPN,USDT,True,active,0.2384,27490.6257,112085.13,0.2383,0.2389,25.146689019278686,0.474217,0.0001,0.01,,,market.getlist.priceDecimals/quantityDecimals,1774315834743.0,False,0.7510729613733905,0.9043478260869565,0.0,63.917708527710396,0.2383,0.2389,0.2386,0.0005999999999999894,0.474217,361.728046,56,41,0.0,0.0,0.0,0.0,0.0,0.0,0.474217,361.728046,0.474217,288,1774229100.0,1774315500.0,289,1,0.9965397923875432,0.0,40.0389487161647,42.413588970742786,0.12103281334050593,-0.08856967952390578,30.5216965,200,3.5628861277901516,515.8010310000001,9.188701690248791,0.7899725437164307,1.768928,0.47,1.5922155272795109,0.3375,0.45625,0.825,0.6625,0.7506250000000001,0.9980968858131487,1.0,1.0,0.29610776363975544,0.7653692545465852,62.367161403597336,"['quote_volume_24h<100000', 'top_of_book_quote<75', 'depth_10bps<250']",quote_volume_24h<100000; top_of_book_quote<75; depth_10bps<250,False
nonkyc,ARRR/USDT,ARRR-USDT,ARRR,USDT,True,active,0.219941,279116.9785,1265071.4237,0.219047,0.220362,59.85312089647734,2.5901569842,1e-06,0.0001,,,market.getlist.priceDecimals/quantityDecimals,1774315795672.0,False,0.9356223175965666,0.7695652173913043,0.0,70.69835790259378,0.219047,0.220362,0.2197045,0.0013150000000000106,100.61047757,2.5901569842,97,200,0.0,0.0,0.0,0.0,0.0,0.0,0.0,0.0,0.0,288,1774224600.0,1774315500.0,304,16,0.9473684210526315,0.0,66.48077421173983,46.132906277972836,0.0038905207462019836,-0.3678156474842619,709.132669511,200,2.1438513539692785,17928.377279868397,192.17887952958955,11.27455997467041,94.0420461641,0.515,1.1107319587682947,0.8125,0.45625,0.525,0.8375,0.406875,0.9710526315789474,1.0,0.07781041492403967,0.055365979384147335,0.3777254647693957,62.09528096348345,"['top_of_book_quote<75', 'depth_10bps<250', 'coverage_ratio<0.95']",top_of_book_quote<75; depth_10bps<250; coverage_ratio<0.95,False
nonkyc,ETC/USDT,ETC-USDT,ETC,USDT,True,active,8.49,74099.3956,8817.332,8.48,8.49,23.55712603062376,0.18656,0.01,0.001,,,market.getlist.priceDecimals/quantityDecimals,1774315804042.0,False,0.8412017167381974,0.9565217391304348,0.0,70.17913789886173,8.48,8.5,8.49,0.019999999999999574,0.18656,862.8775,61,83,0.0,0.0,0.0,0.0,0.0,0.0,0.18656,1680.6629699999999,0.18656,288,1774228800.0,1774315500.0,290,2,0.993103448275862,0.0,27.41223534546506,30.456950855428982,0.08823529411764704,-0.06273697421760355,85.729145,200,3.3739453257258485,1344.17409,22.67584943958648,65.69349884986877,4.6864799999999995,0.47,1.1636493904150167,0.55,0.45625,0.85,0.425,0.410625,0.9962068965517241,1.0,1.0,0.08182469520750835,0.6939415650691695,61.15398461620893,"['quote_volume_24h<100000', 'top_of_book_quote<75', 'depth_10bps<250']",quote_volume_24h<100000; top_of_book_quote<75; depth_10bps<250,False
nonkyc,RENDER/USDT,RENDER-USDT,RENDER,USDT,True,active,1.706,112272.813,67229.44,1.699,1.714,93.62200117027508,849.78558,0.001,0.01,,,market.getlist.priceDecimals/quantityDecimals,1774315831758.0,False,0.8755364806866953,0.35652173913043483,0.0,57.067549916029115,1.701,1.717,1.709,0.016000000000000014,849.78558,2561.00852,53,48,0.0,0.0,0.0,0.0,0.0,0.0,0.0,0.0,0.0,288,1774229700.0,1774315800.0,288,0,1.0,0.0,35.64820805688654,39.697434252448886,0.07585004359197899,-0.01103891886520365,70.259805,200,3.56839755745367,7588.6839899999995,135.39720707101884,1.056739330291748,10.662500000000001,0.45,0.38076742230761906,0.6375,0.45625,0.13749999999999996,0.95,0.7625,1.0,1.0,1.0,0.0,0.6666666666666666,60.04166666666666,"['spread_bps>90', 'depth_10bps<250']",spread_bps>90; depth_10bps<250,False
nonkyc,POL/USDT,POL-USDT,POL,USDT,True,active,0.0957,90756.1497,958518.06,0.0956,0.096,41.75365344467616,0.184508,0.0001,0.01,,,market.getlist.priceDecimals/quantityDecimals,1774315790083.0,False,0.8497854077253219,0.8130434782608695,0.0,67.06428438141445,0.0956,0.096,0.0958,0.0003999999999999976,0.184508,141.62688,62,71,0.0,0.0,0.0,0.0,0.0,0.0,0.184508,141.62688,0.184508,288,1774229100.0,1774315500.0,289,1,0.9965397923875432,0.0,22.808916094225108,26.27978858254602,0.06987951807228888,-0.07727872459295619,135.92137100000002,200,3.6340202438923495,2664.34335,48.4113883528998,87.47672939300537,7.560373,0.54,0.5462735404566946,0.575,0.45625,0.65,0.4125,0.5475,0.9980968858131487,1.0,1.0,0.0,0.6666666666666666,59.84263552479815,"['quote_volume_24h<100000', 'top_of_book_quote<75', 'depth_10bps<250']",quote_volume_24h<100000; top_of_book_quote<75; depth_10bps<250,False
nonkyc,MORPHO/USDT,MORPHO-USDT,MORPHO,USDT,True,active,1.6726,12465.6352,7341.21,1.6725,1.6774,11.951000896325077,0.16725,0.0001,0.01,,,market.getlist.priceDecimals/quantityDecimals,1774315829616.0,False,0.6824034334763949,0.8869565217391304,0.0,59.706101884679974,1.6725,1.6745,1.6735000000000002,0.0020000000000000018,0.16725,310.100655,59,45,0.0,0.0,0.0,0.16725,310.100655,0.16725,0.16725,5231.973660000001,0.16725,288,1774224000.0,1774315500.0,306,18,0.9411764705882353,0.0,32.183448156344404,43.90072011781974,0.0035226394020104685,-0.0605461127971727,14.811950999999999,200,1.1912638664591793,943.324152,5.618739883179233,26.883375883102417,3.306975,0.505,2.692950024482116,0.225,0.925,0.95,0.225,0.185,0.9676470588235295,1.0,0.07045278804020937,0.846475012241058,0.6389759334270891,59.18622992250619,"['quote_volume_24h<100000', 'top_of_book_quote<75', 'depth_10bps<250', 'coverage_ratio<0.95']",quote_volume_24h<100000; top_of_book_quote<75; depth_10bps<250; coverage_ratio<0.95,False
nonkyc,PRCY/USDT,PRCY-USDT,PRCY,USDT,True,active,0.001483,977.6779,931097.3002,0.001482,0.001483,6.745362563237207,0.22822118279999998,1e-06,0.0001,,,market.getlist.priceDecimals/quantityDecimals,1774312865814.0,False,0.49356223175965663,0.9739130434782609,0.0,51.49374883373764,0.001482,0.001483,0.0014824999999999999,9.999999999999159e-07,0.22822118279999998,3.2016439543999997,45,68,0.22822118279999998,3.2016439543999997,0.22822118279999998,0.22822118279999998,3.2016439543999997,0.22822118279999998,0.22822118279999998,3.2016439543999997,0.22822118279999998,288,1774209900.0,1774315200.0,352,64,0.8181818181818182,0.0,69.16090780854945,207.13645439501718,0.36328427575522904,0.12069831857094239,4.013549069,200,0.2777936158725074,58.9598132525,0.08189329857289877,694.8800303936005,0.092677611,0.52,10.253104582618318,0.025,0.9625,0.975,0.525,0.008125,0.9000000000000001,1.0,1.0,1.0,1.0,58.74750000000001,"['quote_volume_24h<100000', 'top_of_book_quote<75', 'depth_10bps<250', 'coverage_ratio<0.95']",quote_volume_24h<100000; top_of_book_quote<75; depth_10bps<250; coverage_ratio<0.95,False
nonkyc,MANA/USDT,MANA-USDT,MANA,USDT,True,active,0.08673,101135.4427,1172865.66,0.08671,0.08734,68.95759108148526,0.17255289999999998,1e-05,0.01,,,market.getlist.priceDecimals/quantityDecimals,1774315818961.0,False,0.8583690987124464,0.7086956521739131,0.0,64.92769173353238,0.08671,0.08731,0.08701,0.0006000000000000033,0.17255289999999998,499.9999232,55,52,0.0,0.0,0.0,0.0,0.0,0.0,0.0,0.0,0.0,288,1774229100.0,1774315500.0,289,1,0.9965397923875432,0.0,41.0817344127757,37.71509893260616,0.05044218801179183,-0.31078185029865085,132.6620739,200,3.556638881536008,4563.2791558,81.14968036410545,0.5458133220672607,6.3372092,0.515,0.5957536185425991,0.5875,0.45625,0.44999999999999996,0.3125,0.746875,0.9980968858131487,1.0,1.0,0.0,0.6666666666666666,58.53513552479816,"['top_of_book_quote<75', 'depth_10bps<250']",top_of_book_quote<75; depth_10bps<250,False
nonkyc,ONDO/USDT,ONDO-USDT,ONDO,USDT,True,active,0.25219,126751.63,501304.98,0.25218,0.25417,78.60175767749547,0.17148240000000003,1e-05,0.01,,,market.getlist.priceDecimals/quantityDecimals,1774315818320.0,False,0.9012875536480687,0.6739130434782609,0.0,66.4186415376003,0.25218,0.25417,0.25317500000000004,0.0019899999999999918,0.17148240000000003,381.7404647,63,54,0.0,0.0,0.0,0.0,0.0,0.0,0.0,0.0,0.0,288,1774229700.0,1774315800.0,288,0,1.0,0.0,38.518970835787705,40.488773660484114,0.03380736573422942,-0.24345569458547767,149.03933035,200,3.723427526589142,3320.4497447999997,61.81726990222106,16.013128995895386,12.314266700000001,0.445,0.49005228348495444,0.7125,0.45625,0.35,0.275,0.7412500000000001,1.0,1.0,0.6761473146845883,0.0,0.5587157715615295,58.5071577156153,"['top_of_book_quote<75', 'depth_10bps<250']",top_of_book_quote<75; depth_10bps<250,False
nonkyc,FET/USDT,FET-USDT,FET,USDT,True,active,0.2313,123951.0055,568197.61,0.2312,0.2328,81.84363558044423,0.120224,0.0001,0.01,,,market.getlist.priceDecimals/quantityDecimals,1774315818605.0,False,0.8969957081545065,0.7391304347826086,0.0,67.81302481806308,0.2312,0.2331,0.23215,0.0019000000000000128,0.120224,1518.993819,64,45,0.0,0.0,0.0,0.0,0.0,0.0,0.0,0.0,0.0,288,1774229400.0,1774315500.0,288,0,1.0,0.0,52.63594684881931,51.12022654833971,0.13247863247863284,-0.0944368063363379,130.3279125,200,3.8552978218748537,8697.123362,167.65000377047753,15.620145797729492,29.4958765,0.595,0.6431281611028064,0.7,0.45625,0.32499999999999996,0.1375,0.7906250000000001,1.0,1.0,1.0,0.0,0.6666666666666666,58.37916666666666,"['top_of_book_quote<75', 'depth_10bps<250']",top_of_book_quote<75; depth_10bps<250,False
nonkyc,ENA/USDT,ENA-USDT,ENA,USDT,True,active,0.0922,114817.4745,1205252.35,0.0917,0.0928,130.01083423618556,1592.56307,0.0001,0.01,,,market.getlist.priceDecimals/quantityDecimals,1774315825881.0,False,0.8798283261802575,0.14782608695652177,0.0,52.086210113827214,0.0917,0.0929,0.0923,0.0011999999999999927,1592.56307,4993.165046,32,29,0.0,0.0,0.0,0.0,0.0,0.0,0.0,0.0,0.0,288,1774228800.0,1774315500.0,290,2,0.993103448275862,0.0,27.044595243760565,40.14733869424512,0.06466165413533854,-0.04409539378648472,97.078283,200,3.611201224002069,4395.54324,79.36595564221011,4.613362073898315,12.434448,0.52,0.20801801174992626,0.65,0.45625,0.0,0.9625,0.7506250000000001,0.9962068965517241,1.0,1.0,0.0,0.6666666666666666,58.06123563218391,"['spread_bps>90', 'depth_10bps<250']",spread_bps>90; depth_10bps<250,False
nonkyc,LTC/USDT,LTC-USDT,LTC,USDT,True,active,55.36,833753.1162,15113.4662,55.33,55.87,97.12230215827323,0.027665,0.01,0.0001,,,market.getlist.priceDecimals/quantityDecimals,1774315509017.0,False,0.9656652360515021,0.32608695652173914,0.0,61.2637618958761,55.33,55.87,55.599999999999994,0.5399999999999991,0.027665,5937.455749,83,156,0.0,0.0,0.0,0.0,0.0,0.0,0.0,0.0,0.0,288,1774228800.0,1774315500.0,290,2,0.993103448275862,0.0,25.752901509213967,28.877306608483035,0.060989643268124595,-0.10146322862355307,1078.12004,200,3.566498099864237,21271.64501,379.3264075457579,8.470831632614136,66.475193,0.425,0.26515950442820346,0.9,0.45625,0.125,0.025,0.63625,0.9962068965517241,1.0,1.0,0.0,0.6666666666666666,57.18873563218392,"['spread_bps>90', 'top_of_book_quote<75', 'depth_10bps<250']",spread_bps>90; top_of_book_quote<75; depth_10bps<250,False
nonkyc,ALGO/USDT,ALGO-USDT,ALGO,USDT,True,active,0.0867,120183.3782,1376487.8,0.0866,0.087,46.08294930875549,0.1732,0.0001,0.01,,,market.getlist.priceDecimals/quantityDecimals,1774315613734.0,False,0.8927038626609443,0.8043478260869565,0.0,69.20740809852586,0.0866,0.087,0.08679999999999999,0.0003999999999999976,0.1732,783.1809599999999,52,76,0.0,0.0,0.0,0.0,0.0,0.0,0.1732,783.1809599999999,0.1732,288,1774228800.0,1774315500.0,290,2,0.993103448275862,0.0,20.220099144728238,27.342557982134455,0.026706231454005837,-0.04669762723391592,129.66806350000002,200,2.34216080730645,4567.990682,53.4948437176073,258.69779896736145,11.178643000000001,0.465,0.43877615144060533,0.6875,0.45625,0.625,0.325,0.294375,0.9962068965517241,1.0,0.5341246290801167,0.0,0.5113748763600389,56.833317729117624,"['top_of_book_quote<75', 'depth_10bps<250']",top_of_book_quote<75; depth_10bps<250,False
nonkyc,GRT/USDT,GRT-USDT,GRT,USDT,True,active,0.02514,52929.7868,2126043.9,0.02505,0.02529,63.66892160764044,0.09894750000000001,1e-05,0.01,,,market.getlist.priceDecimals/quantityDecimals,1774315811310.0,False,0.8197424892703863,0.33043478260869563,0.0,53.346706475088645,0.02505,0.02521,0.02513,0.00016000000000000042,0.09894750000000001,395.44027850000003,47,44,0.0,0.0,0.0,0.0,0.0,0.0,0.0,0.0,0.0,288,1774229400.0,1774315500.0,288,0,1.0,0.0,31.088122245832622,32.47773822945952,0.05710306406685219,-0.31844730162636276,86.13609980000001,200,3.6498403957221877,1907.7534095,34.814977295349166,3.942880630493164,4.73723675,0.49,0.4882778200236073,0.4875,0.45625,0.5,0.0875,0.8,1.0,1.0,1.0,0.0,0.6666666666666666,55.791666666666664,"['quote_volume_24h<100000', 'top_of_book_quote<75', 'depth_10bps<250']",quote_volume_24h<100000; top_of_book_quote<75; depth_10bps<250,False
nonkyc,BCH/USDT,BCH-USDT,BCH,USDT,True,active,474.8,265255.171,557.3395,472.0,477.5,115.85044760400211,0.17464,0.1,1e-05,,,market.getlist.priceDecimals/quantityDecimals,1774315816160.0,False,0.9313304721030042,0.21304347826086956,0.0,56.54926292218697,472.0,477.5,474.75,5.5,0.17464,1789.7082,54,60,0.0,0.0,0.0,0.0,0.0,0.0,0.0,0.0,0.0,288,1774229100.0,1774315800.0,290,2,0.993103448275862,0.003472222222222222,36.61160074631946,31.643336819104643,0.028465804066543404,-0.36018100678239245,332.64225,200,3.7132929390133276,16776.747205,311.48488467969037,18.60496997833252,18.488094500000003,0.42,0.31602468098754843,0.8,0.45625,0.050000000000000044,0.3375,0.68625,0.9946443965517242,1.0,0.5693160813308681,0.0,0.5231053604436227,55.23749756995349,"['spread_bps>90', 'top_of_book_quote<75', 'depth_10bps<250']",spread_bps>90; top_of_book_quote<75; depth_10bps<250,False
nonkyc,SEI/USDT,SEI-USDT,SEI,USDT,True,active,0.0599,107432.9962,1778820.12,0.0596,0.0603,116.76396997497902,3788.193132,0.0001,0.01,,,market.getlist.priceDecimals/quantityDecimals,1774315819643.0,False,0.871244635193133,0.19565217391304346,0.0,52.8097592834484,0.0596,0.0603,0.05995,0.0006999999999999992,6001.2330680000005,3788.193132,57,54,0.0,0.0,0.0,0.0,0.0,0.0,0.0,0.0,0.0,288,1774222800.0,1774315500.0,310,22,0.9290322580645162,0.0,20.71383402102724,29.46894379212353,0.021739130434782816,-0.011230365931926226,140.0910405,200,3.2400933469825364,4617.453985,74.8049096839825,0.12852072715759277,9.811396,0.475,0.1773991927943692,0.625,0.45625,0.03749999999999998,0.9875,0.6825000000000001,0.9609677419354838,1.0,0.4347826086956563,0.0,0.4782608695652188,55.20728611500702,"['spread_bps>90', 'depth_10bps<250', 'coverage_ratio<0.95']",spread_bps>90; depth_10bps<250; coverage_ratio<0.95,False
nonkyc,BELLS/USDT,BELLS-USDT,BELLS,USDT,True,active,0.053786,55009.7667,1060615.02,0.053737,0.054085,64.55083378160322,0.5819546,1e-06,0.01,,,market.getlist.priceDecimals/quantityDecimals,1774315812229.0,False,0.8240343347639485,0.7521739130434782,0.0,64.12623623810413,0.053737,0.054085,0.053911,0.0003480000000000011,15.46980756,0.5819546,68,200,0.0,0.0,0.0,0.0,0.0,0.0,0.0,0.0,0.0,288,1774222500.0,1774315500.0,311,23,0.9260450160771704,0.0,56.586601163708785,40.87527585809716,0.06945505188912349,-0.3721153950793323,125.35973080400001,200,1.799565584925978,4542.81143084,40.87543554874002,11.969340801239014,22.887920065,0.52,0.8766207630277858,0.5,0.45625,0.48750000000000004,0.675,0.349375,0.9593247588424438,1.0,1.0,0.0,0.6666666666666666,54.7774142550911,"['quote_volume_24h<100000', 'top_of_book_quote<75', 'depth_10bps<250', 'coverage_ratio<0.95']",quote_volume_24h<100000; top_of_book_quote<75; depth_10bps<250; coverage_ratio<0.95,False
nonkyc,SAND/USDT,SAND-USDT,SAND,USDT,True,active,0.0802,47500.8137,596098.18,0.0801,0.0804,37.3831775700928,0.115344,0.0001,0.01,,,market.getlist.priceDecimals/quantityDecimals,1774315831131.0,False,0.8068669527896996,0.8217391304347826,0.0,64.92116066430304,0.0801,0.0804,0.08025,0.0002999999999999947,0.115344,315.014436,55,51,0.0,0.0,0.0,0.0,0.0,0.0,0.115344,315.014436,0.115344,288,1774227900.0,1774315500.0,293,5,0.9829351535836177,0.0,26.289188045685282,27.1283004485422,0.09392265193370182,-0.07912809601070565,33.3258625,200,2.8447869988746484,859.63372,12.227374152251251,9.819687366485596,2.293546,0.48,0.7032357802220938,0.4625,0.45625,0.675,0.1125,0.505,0.9906143344709899,1.0,1.0,0.0,0.6666666666666666,54.557810011376574,"['quote_volume_24h<100000', 'top_of_book_quote<75', 'depth_10bps<250']",quote_volume_24h<100000; top_of_book_quote<75; depth_10bps<250,False
nonkyc,FF/USDT,FF-USDT,FF,USDT,True,active,0.07226,103218.9346,1442294.07,0.07191,0.07252,84.46998546008439,0.16969679999999998,1e-05,0.01,,,market.getlist.priceDecimals/quantityDecimals,1774315819103.0,False,0.8626609442060086,0.6130434782608696,0.0,62.772438887852225,0.07191,0.07252,0.072215,0.0006099999999999994,0.172584,0.16969679999999998,57,52,0.0,0.0,0.0,0.0,0.0,0.0,0.0,0.0,0.0,288,1774229100.0,1774315800.0,290,2,0.993103448275862,0.0,19.60350749124295,21.220418053479808,0.05056840454723621,-0.35769005655742536,160.24525699999998,200,3.6243450885686292,1499.5824848000002,27.17502206844211,17.524224519729614,4.5201597,0.505,0.2320766054885428,0.6,0.45625,0.2875,0.2375,0.6181249999999999,0.9962068965517241,0.9669589576035792,1.0,0.0,0.6556529858678597,53.961098824195844,"['top_of_book_quote<75', 'depth_10bps<250']",top_of_book_quote<75; depth_10bps<250,False
nonkyc,ZEC/USDT,ZEC-USDT,ZEC,USDT,True,active,230.55,114849.4142,505.3641,228.5,231.23,118.7653622778583,0.77115205,0.01,1e-06,,,market.getlist.priceDecimals/quantityDecimals,1774315819463.0,False,0.8841201716738197,0.17826086956521736,0.0,53.083131181190524,228.5,231.23,229.865,2.7299999999999898,2.776275,0.77115205,77,93,0.0,0.0,0.0,0.0,0.0,0.0,0.0,0.0,0.0,288,1774219200.0,1774315500.0,322,34,0.8944099378881988,0.024305555555555556,34.3972553344944,41.43960562199284,0.08397582829756202,-0.12018137008985331,82.69306,200,3.4852930797125277,2710.47006943,47.233912878761565,15.284812927246094,9.781480205,0.44,0.2896236299437211,0.6625,0.45625,0.012499999999999956,0.7625,0.5475,0.9309879658385094,1.0,1.0,0.0,0.6666666666666666,53.87154632505175,"['spread_bps>90', 'top_of_book_quote<75', 'depth_10bps<250', 'coverage_ratio<0.95']",spread_bps>90; top_of_book_quote<75; depth_10bps<250; coverage_ratio<0.95,False
nonkyc,FUSD/USDT,FUSD-USDT,FUSD,USDT,True,active,1.0001,977.3527,978.1692,0.9989,1.0001,12.00600300150054,30.87668736,1e-06,0.0001,,,market.getlist.priceDecimals/quantityDecimals,1774315491617.0,False,0.4892703862660944,0.9521739130434783,0.0,50.71421907072215,0.9989,1.0001,0.9995,0.0011999999999999789,1222.52184509,30.87668736,67,37,0.0,0.0,0.0,4687.83652624,30.87668736,30.87668736,6071.96775026,9026.37139556,6071.96775026,288,1774170300.0,1774315800.0,486,198,0.5925925925925926,0.0,6.068602618023344,31.05306383450481,0.03389222779718359,-0.613434749998562,0.9730117494999999,200,0.3701035074649025,207.9917505687,0.384892382046205,85.23327159881592,0.85533022755,0.74,0.5054640263928699,0.0125,0.9875,0.9375,0.8875,0.06437499999999999,0.7759259259259259,0.0,0.6778445559436717,0.0,0.2259481853145572,52.94124111240484,"['quote_volume_24h<100000', 'top_of_book_quote<75', 'depth_10bps<250', 'coverage_ratio<0.95', 'natr_bps_mean<12']",quote_volume_24h<100000; top_of_book_quote<75; depth_10bps<250; coverage_ratio<0.95; natr_bps_mean<12,False
nonkyc,PENGU/USDT,PENGU-USDT,PENGU,USDT,True,active,0.00695,24857.7652,3560318.6,0.006949,0.006987,54.53501722158415,0.17240469,1e-06,0.01,,,market.getlist.priceDecimals/quantityDecimals,1774315831914.0,False,0.7381974248927039,0.7739130434782608,0.0,59.94868445605523,0.006949,0.006987,0.006968,3.799999999999984e-05,0.17240469,387.50377116,53,44,0.0,0.0,0.0,0.0,0.0,0.0,0.0,0.0,0.0,288,1774229400.0,1774315500.0,288,0,1.0,0.0,39.57315254751303,45.9354537362251,0.0374617737003058,-0.1474099246979174,24.851030520000002,200,3.841620241849337,625.39446748,12.012640227058775,18.837428331375122,2.13977496,0.47,0.7256466498712422,0.325,0.45625,0.5375,0.3,0.730625,1.0,1.0,0.749235474006116,0.0,0.583078491335372,52.52328491335372,"['quote_volume_24h<100000', 'top_of_book_quote<75', 'depth_10bps<250']",quote_volume_24h<100000; top_of_book_quote<75; depth_10bps<250,False
nonkyc,ZANO/USDT,ZANO-USDT,ZANO,USDT,True,active,9.597,188633.995,19544.79,9.596,9.7,107.79436152570399,1.94,0.001,0.01,,,market.getlist.priceDecimals/quantityDecimals,1774315389541.0,False,0.9184549356223176,0.25217391304347825,0.0,56.81936928531442,9.596,9.7,9.648,0.1039999999999992,2.4949600000000003,1.94,121,148,0.0,0.0,0.0,0.0,0.0,0.0,0.0,0.0,0.0,288,1774209600.0,1774315200.0,353,65,0.8158640226628895,0.0,39.080492233763245,57.7562152488928,0.023683654049481938,-0.3616104958189443,254.42529,200,2.5988055024748324,3517.04424,45.700569616797075,531.5308992862701,12.96135,0.49,0.36254672026091406,0.7625,0.45625,0.0625,0.8,0.296875,0.8987252124645893,1.0,0.47367308098963873,0.0,0.4912243603298796,52.2869957279447,"['spread_bps>90', 'top_of_book_quote<75', 'depth_10bps<250', 'coverage_ratio<0.95']",spread_bps>90; top_of_book_quote<75; depth_10bps<250; coverage_ratio<0.95,False
nonkyc,ADA/USDT,ADA-USDT,ADA,USDT,True,active,0.2602,10440.647,40273.37,0.2601,0.2612,42.20218684059044,0.171666,0.0001,0.01,,,market.getlist.priceDecimals/quantityDecimals,1774315812314.0,False,0.6652360515021459,0.808695652173913,0.0,56.805374136965845,0.2601,0.2612,0.26065,0.0010999999999999899,0.171666,658.7124439999999,57,71,0.0,0.0,0.0,0.0,0.0,0.0,6.671666,658.7124439999999,6.671666,288,1774229100.0,1774315500.0,289,1,0.9965397923875432,0.0,34.29684890153089,37.407199247018816,0.060893098782137695,-0.11667084150597985,12.1366385,200,3.68230202783449,317.72075299999995,5.849718865285005,9.073671579360962,0.71829,0.54,0.8126794241985554,0.1875,0.45625,0.6375,0.2875,0.7618750000000001,0.9980968858131487,1.0,1.0,0.0,0.6666666666666666,51.91513552479815,"['quote_volume_24h<100000', 'top_of_book_quote<75', 'depth_10bps<250']",quote_volume_24h<100000; top_of_book_quote<75; depth_10bps<250,False
nonkyc,OP/USDT,OP-USDT,OP,USDT,True,active,0.1124,40141.6492,347025.6,0.1123,0.1129,53.28596802841947,0.07074899999999999,0.0001,0.01,,,market.getlist.priceDecimals/quantityDecimals,1774315825964.0,False,0.7939914163090128,0.7869565217391304,0.0,63.34344094047397,0.1123,0.1129,0.1126,0.0006000000000000033,0.07074899999999999,1733.5275660000002,61,44,0.0,0.0,0.0,0.0,0.0,0.0,0.0,0.0,0.0,288,1774229400.0,1774315800.0,289,1,0.9965397923875432,0.0,31.190726022931855,36.98234111490229,0.02741702741702743,-0.2182488887405249,45.76951,200,3.5377952989550057,1573.011432,27.82496224666041,6.1102049350738525,2.191218,0.53,0.5853459583636846,0.4375,0.45625,0.5625,0.0625,0.634375,0.9980968858131487,1.0,0.5483405483405486,0.0,0.5161135161135162,51.87960401926666,"['quote_volume_24h<100000', 'top_of_book_quote<75', 'depth_10bps<250']",quote_volume_24h<100000; top_of_book_quote<75; depth_10bps<250,False
nonkyc,RDD/USDT,RDD-USDT,RDD,USDT,True,active,4.278e-05,3045.8287,71634960.7004,4.288e-05,4.3e-05,27.945971122496235,2.29412343744,1e-08,0.0001,,,market.getlist.priceDecimals/quantityDecimals,1774315453977.0,False,0.5622317596566524,0.9,0.0,53.42274678111588,4.288e-05,4.3e-05,4.2940000000000006e-05,1.1999999999999885e-07,2.29412343744,31.564167853600004,199,200,0.0,0.0,0.0,0.0,0.0,0.0,2.29412343744,31.564167853600004,2.29412343744,288,1774201500.0,1774315500.0,381,93,0.7559055118110236,0.0,90.85042739209429,149.769730749015,0.10431112451009956,0.4088210522628293,7.31276029164,200,0.5092836250998544,221.43355001519998,0.5638624053523548,9.914559364318848,0.9019920369500001,0.485,3.250931126847139,0.075,0.45625,0.8,0.825,0.24062499999999998,0.865748031496063,1.0,1.0,1.0,1.0,51.86998031496063,"['quote_volume_24h<100000', 'top_of_book_quote<75', 'depth_10bps<250', 'coverage_ratio<0.95']",quote_volume_24h<100000; top_of_book_quote<75; depth_10bps<250; coverage_ratio<0.95,False
nonkyc,DYDX/USDT,DYDX-USDT,DYDX,USDT,True,active,0.0826,18338.6053,220911.83,0.0825,0.083,60.42296072507558,0.15355000000000002,0.0001,0.01,,,market.getlist.priceDecimals/quantityDecimals,1774315811997.0,False,0.7253218884120172,0.7608695652173914,0.0,58.91444299309574,0.0825,0.083,0.08275,0.0005000000000000004,1022.187375,0.15355000000000002,43,38,0.0,0.0,0.0,0.0,0.0,0.0,0.0,0.0,0.0,288,1774225500.0,1774315500.0,301,13,0.9568106312292359,0.0,27.20897423590263,35.372581600064585,0.06635071090047415,-0.0942036807982295,33.445983749999996,200,3.845553594693395,1131.0559669999998,21.747681698481315,12.10505485534668,2.7489280000000003,0.52,0.4503085236041881,0.3,0.45625,0.5125,0.15,0.8,0.9762458471760798,1.0,1.0,0.0,0.6666666666666666,51.75412513842746,"['quote_volume_24h<100000', 'top_of_book_quote<75', 'depth_10bps<250']",quote_volume_24h<100000; top_of_book_quote<75; depth_10bps<250,False
nonkyc,S/USDT,S-USDT,S,USDT,True,active,0.0435,34284.0528,789773.58,0.0434,0.0437,68.88633754305432,0.252154,0.0001,0.01,,,market.getlist.priceDecimals/quantityDecimals,1774315827891.0,False,0.7854077253218884,0.7434782608695651,0.0,61.784381414443004,0.0434,0.0437,0.043550000000000005,0.00030000000000000165,0.252154,323.85239700000005,54,60,0.0,0.0,0.0,0.0,0.0,0.0,0.0,0.0,0.0,288,1774225500.0,1774315800.0,302,14,0.9536423841059603,0.0,22.32613999266338,31.83859415544673,0.07368421052631548,-0.04074401242117176,40.810069,200,2.30259206620991,706.607817,8.135147766730519,18.417469024658203,2.7826950000000004,0.57,0.32410113222682835,0.4125,0.45625,0.4625,0.5625,0.3575,0.9745033112582782,1.0,1.0,0.0,0.6666666666666666,51.62669977924944,"['quote_volume_24h<100000', 'top_of_book_quote<75', 'depth_10bps<250']",quote_volume_24h<100000; top_of_book_quote<75; depth_10bps<250,False
nonkyc,CAT/USDT,CAT-USDT,CAT,USDT,True,active,0.057245,17354.3443,310121.1381,0.057112,0.057304,33.561739616836405,0.197641496,1e-06,0.0001,,,market.getlist.priceDecimals/quantityDecimals,1774315657110.0,False,0.7167381974248928,0.8608695652173913,0.0,60.94233998880389,0.057112,0.057304,0.057208,0.00019199999999999773,116.0445135344,0.197641496,68,145,0.0,0.0,0.0,0.0,0.0,0.0,116.0445135344,0.197641496,0.197641496,288,1774225500.0,1774315500.0,301,13,0.9568106312292359,0.0,25.395215261735473,19.880197609114308,0.0683224284506164,-0.2545405153485764,48.477186409,200,1.850730275087386,1134.9789405374,10.50269943419586,26.980846881866455,5.75529521425,0.54,0.7566716014028022,0.275,0.45625,0.725,0.475,0.278125,0.9762458471760798,1.0,1.0,0.0,0.6666666666666666,50.891625138427464,"['quote_volume_24h<100000', 'top_of_book_quote<75', 'depth_10bps<250']",quote_volume_24h<100000; top_of_book_quote<75; depth_10bps<250,False
nonkyc,FLOKI/USDT,FLOKI-USDT,FLOKI,USDT,True,active,2.931e-05,3480.042,118506940.0,2.93e-05,2.94e-05,30.669620037485373,0.1106075,1e-08,1.0,,,market.getlist.priceDecimals/quantityDecimals,1774315827123.0,False,0.5708154506437768,0.8434782608695652,0.0,52.48180630714685,2.93e-05,2.939e-05,2.9345e-05,9.000000000000083e-08,0.1106075,250.60432723000002,55,47,0.0,0.0,0.0,0.0,0.0,0.0,0.1106075,885.6197782300001,0.1106075,288,1774229400.0,1774315500.0,288,0,1.0,0.0,30.675883597294792,35.11510677956762,0.04564315352697083,-0.09297909387693215,3.0107613300000002,200,3.715509620935494,55.46585515,1.0304195922161976,6.3791584968566895,0.17761962,0.495,1.0002042268473414,0.0875,0.45625,0.7625,0.1,0.825,1.0,1.0,0.9128630705394165,0.0001021134236707244,0.6376550613210291,50.50155061321029,"['quote_volume_24h<100000', 'top_of_book_quote<75', 'depth_10bps<250']",quote_volume_24h<100000; top_of_book_quote<75; depth_10bps<250,False
nonkyc,BCH2/USDT,BCH2-USDT,BCH2,USDT,True,active,0.15262667,6107.5939,45254.0876,0.15262667,0.15314423,33.852796325615046,0.22587220893299997,1e-08,0.0001,,,market.getlist.priceDecimals/quantityDecimals,1774315769226.0,False,0.6266094420600858,0.8565217391304347,0.0,55.87656279156559,0.15262667,0.15314423,0.15288544999999998,0.0005175600000000002,0.22587220893299997,1.020139659299,52,96,0.0,0.0,0.0,0.0,0.0,0.0,0.22587220893299997,1.020139659299,0.22587220893299997,288,1774198200.0,1774315500.0,392,104,0.7346938775510204,0.0,227.39328217186556,506.18902644917716,0.07216532417695194,0.19380829355505463,9.44398108015,200,2.3236945193470877,625.227320721,7.264186492527257,64.12890219688416,3.1120281921000004,0.47,6.717119613537102,0.1375,0.45625,0.7125,0.5125,0.321875,0.8540816326530614,0.7212159872243202,1.0,1.0,0.90707199574144,49.39903628394502,"['quote_volume_24h<100000', 'top_of_book_quote<75', 'depth_10bps<250', 'coverage_ratio<0.95']",quote_volume_24h<100000; top_of_book_quote<75; depth_10bps<250; coverage_ratio<0.95,False
nonkyc,LPEPE/USDT,LPEPE-USDT,LPEPE,USDT,True,active,4.97e-07,6044.8694,11848156808.2934,4.97e-07,4.98e-07,20.100502512564326,0.6511507988508001,1e-09,0.0001,,,market.getlist.priceDecimals/quantityDecimals,1774315436666.0,False,0.6223175965665236,0.9260869565217391,0.0,57.37964172420228,4.97e-07,4.98e-07,4.975e-07,1.0000000000000751e-09,3.084415533584,0.6511507988508001,148,200,0.0,0.0,0.0,0.0,0.0,0.0,3.084415533584,0.6511507988508001,0.6511507988508001,288,1774200300.0,1774315200.0,384,96,0.75,0.0,300.6780214331406,476.4612626141454,0.13006845708267506,0.04097574687085573,3.4967876100565,200,0.7214180481765936,472.2425504726,1.7034214951393978,477.7396891117096,2.0036064916,0.535,14.95873156629762,0.125,0.45625,0.8875,0.725,0.08187500000000002,0.8625,0.29012928568740826,1.0,1.0,0.7633764285624695,49.366264285624695,"['quote_volume_24h<100000', 'top_of_book_quote<75', 'depth_10bps<250', 'coverage_ratio<0.95']",quote_volume_24h<100000; top_of_book_quote<75; depth_10bps<250; coverage_ratio<0.95,False
nonkyc,BC2/USDT,BC2-USDT,BC2,USDT,True,active,0.894887,73627.1353,79541.5015,0.890847,0.899826,100.28631693223676,2.2307699727000005,1e-06,0.0001,,,market.getlist.priceDecimals/quantityDecimals,1774315770360.0,False,0.8369098712446352,0.30434782608695654,0.0,53.63873857062885,0.890847,0.899826,0.8953365,0.00897899999999996,2.2307699727000005,2.236967436,140,200,0.0,0.0,0.0,0.0,0.0,0.0,0.0,0.0,0.0,288,1774225800.0,1774315500.0,300,12,0.96,0.0,84.44989934418192,61.65550700761451,0.01959097843146882,-0.24591737502585367,181.66801054799998,200,2.330847937192443,6153.6509067201005,71.71612261065476,17.70371913909912,23.9428478684,0.435,0.8420879530479171,0.5375,0.45625,0.11250000000000004,0.8125,0.378125,0.978,1.0,0.3918195686293764,0.0,0.4639398562097921,49.28189856209792,"['quote_volume_24h<100000', 'spread_bps>90', 'top_of_book_quote<75', 'depth_10bps<250']",quote_volume_24h<100000; spread_bps>90; top_of_book_quote<75; depth_10bps<250,False
nonkyc,NEXA/USDT,NEXA-USDT,NEXA,USDT,True,active,4.842e-07,7199.7196,14771997758.5113,4.839e-07,4.851e-07,24.767801857584814,0.19518006889185002,1e-10,0.0001,,,market.getlist.priceDecimals/quantityDecimals,1774315775387.0,False,0.6351931330472103,0.908695652173913,0.0,57.653013621944396,4.839e-07,4.851e-07,4.845e-07,1.1999999999999843e-09,0.19518006889185002,23.70547266139206,110,200,0.0,0.0,0.0,0.0,0.0,0.0,0.19518006889185002,23.70547266139206,0.19518006889185002,288,1774223400.0,1774315500.0,308,20,0.935064935064935,0.0,37.53003406805871,30.770850842236616,0.016448472641826212,-0.42717442341866046,19.202595677050702,200,1.0850656179788687,880.5632036801001,4.777344283853001,3.2017579078674316,5.028934978400001,0.575,1.5152751254978905,0.15,0.45625,0.8375,0.4375,0.38687499999999997,0.9642857142857144,1.0,0.32896945283652423,0.2576375627489452,0.5288690051951564,49.19904719480871,"['quote_volume_24h<100000', 'top_of_book_quote<75', 'depth_10bps<250', 'coverage_ratio<0.95']",quote_volume_24h<100000; top_of_book_quote<75; depth_10bps<250; coverage_ratio<0.95,False
nonkyc,XTM/USDT,XTM-USDT,XTM,USDT,True,active,0.000765,80753.0686,104937110.2908,0.000765,0.000773,104.03120936280997,0.2594989601,1e-06,0.0001,,,market.getlist.priceDecimals/quantityDecimals,1774315818510.0,False,0.8454935622317596,0.27826086956521734,0.0,53.458667661877215,0.000765,0.000773,0.0007689999999999999,8.000000000000086e-06,43.08515679599999,0.2594989601,62,200,0.0,0.0,0.0,0.0,0.0,0.0,0.0,0.0,0.0,288,1774227000.0,1774315800.0,297,9,0.9696969696969697,0.0,63.22939562621337,46.16722912098053,0.047482014388489265,-0.2135757403427606,221.197525976,200,2.1221956731062317,5337.800863240401,56.63928947935743,17.138315677642822,27.14496053685,0.465,0.6077925654569694,0.5625,0.45625,0.08750000000000002,0.575,0.34625000000000006,0.9833333333333334,1.0,0.9496402877697853,0.0,0.6498800959232618,49.11213429256595,"['quote_volume_24h<100000', 'spread_bps>90', 'top_of_book_quote<75', 'depth_10bps<250']",quote_volume_24h<100000; spread_bps>90; top_of_book_quote<75; depth_10bps<250,False
nonkyc,IMX/USDT,IMX-USDT,IMX,USDT,True,active,0.1591,31246.2616,200669.18,0.1587,0.1599,87.82936010037545,0.16170099999999998,0.0001,0.01,,,market.getlist.priceDecimals/quantityDecimals,1774315820569.0,False,0.776824034334764,0.7,0.0,60.22532188841202,0.1587,0.1601,0.1594,0.0013999999999999846,999.87348,0.16170099999999998,55,74,0.0,0.0,0.0,0.0,0.0,0.0,0.0,0.0,0.0,288,1774229100.0,1774315500.0,289,1,0.9965397923875432,0.0,31.85536825882573,33.08744762286902,0.048888888888888746,-0.09613560841665868,40.608418,200,3.66884738871685,961.347053,17.635178125248444,4.404585838317871,2.632245,0.465,0.3626961214612055,0.3875,0.45625,0.15000000000000002,0.175,0.8200000000000001,0.9980968858131487,1.0,0.9777777777777749,0.0,0.6592592592592582,48.63856145072407,"['quote_volume_24h<100000', 'top_of_book_quote<75', 'depth_10bps<250']",quote_volume_24h<100000; top_of_book_quote<75; depth_10bps<250,False
nonkyc,SAL/USDT,SAL-USDT,SAL,USDT,True,active,0.018993,44015.8885,2206392.9455,0.01891,0.019072,85.3035648465057,0.8013158016,1e-06,0.0001,,,market.getlist.priceDecimals/quantityDecimals,1774315826129.0,False,0.8025751072961373,0.4347826086956522,0.0,55.01119611867886,0.01891,0.019072,0.018991,0.00016199999999999895,0.807443763,0.8013158016,74,148,0.0,0.0,0.0,0.0,0.0,0.0,0.0,0.0,0.0,288,1774222200.0,1774315500.0,312,24,0.9230769230769231,0.0,51.280803226992944,56.8444596184895,0.02213405721444979,-0.16436515291282447,118.184065323,200,1.2219352032008202,4669.3298617746,28.528092667296022,3.199530839920044,24.2523323755,0.47,0.6011566259776724,0.45,0.45625,0.1875,0.775,0.40750000000000003,0.9576923076923078,1.0,0.4426811442889958,0.0,0.4808937147629986,48.400860224553064,"['quote_volume_24h<100000', 'top_of_book_quote<75', 'depth_10bps<250', 'coverage_ratio<0.95']",quote_volume_24h<100000; top_of_book_quote<75; depth_10bps<250; coverage_ratio<0.95,False
nonkyc,BONK/USDT,BONK-USDT,BONK,USDT,True,active,5.92e-06,9211.4401,1555088412.0,5.91e-06,5.94e-06,50.63291139240458,0.23717421,1e-08,1.0,,,market.getlist.priceDecimals/quantityDecimals,1774315640461.0,False,0.6566523605150214,0.7913043478260869,0.0,55.89848852397835,5.91e-06,5.94e-06,5.925e-06,2.999999999999971e-08,0.23717421,9840.83267772,45,71,0.0,0.0,0.0,0.0,0.0,0.0,0.0,0.0,0.0,288,1774222800.0,1774315500.0,310,22,0.9290322580645162,0.0,20.41989029561683,33.49793156405125,0.07284768211920542,0.043037397192150835,10.73603236,200,0.7581944710632486,648.00703732,2.456576764530501,2.3910114765167236,1.97045332,0.455,0.40329283333843624,0.175,0.45625,0.5875,0.55,0.39625,0.9609677419354838,1.0,1.0,0.0,0.6666666666666666,48.156344086021505,"['quote_volume_24h<100000', 'top_of_book_quote<75', 'depth_10bps<250', 'coverage_ratio<0.95']",quote_volume_24h<100000; top_of_book_quote<75; depth_10bps<250; coverage_ratio<0.95,False
nonkyc,EPIC/USDT,EPIC-USDT,EPIC,USDT,True,active,0.48405,30812.9376,62072.987,0.48158,0.48569,84.98144261684952,6.01235651,1e-05,0.001,,,market.getlist.priceDecimals/quantityDecimals,1774315741775.0,False,0.7725321888412017,0.5608695652173913,0.0,56.51100951670088,0.48158,0.48569,0.48363500000000004,0.0041100000000000025,6.01445262,6.01235651,40,200,0.0,0.0,0.0,0.0,0.0,0.0,0.0,0.0,0.0,288,1774228200.0,1774315500.0,292,4,0.9863013698630136,0.0,88.35735356042564,59.10937663809998,0.022326601875743493,-0.41223183796009943,79.4360186,200,1.8231100159858467,2152.14844698,19.618016947888112,16.649660110473633,11.462159045,0.55,1.0397252722432222,0.375,0.45625,0.275,0.875,0.318125,0.9924657534246575,1.0,0.44653203751486986,0.0198626361216111,0.48879822454549365,48.155139779701514,"['quote_volume_24h<100000', 'top_of_book_quote<75', 'depth_10bps<250']",quote_volume_24h<100000; top_of_book_quote<75; depth_10bps<250,False
nonkyc,ENS/USDT,ENS-USDT,ENS,USDT,True,active,6.12,10657.2373,1762.65,6.11,6.14,48.979591836733654,0.0611,0.01,0.01,,,market.getlist.priceDecimals/quantityDecimals,1774315679700.0,False,0.6695278969957081,0.8,0.0,56.82403433476395,6.11,6.14,6.125,0.02999999999999936,0.0611,322.5956,56,51,0.0,0.0,0.0,0.0,0.0,0.0,0.0611,322.5956,0.0611,288,1774226700.0,1774315500.0,297,9,0.9696969696969697,0.0,25.935718856505684,33.50439612437299,0.084507042253521,-0.09003787732138434,15.49075,200,2.5770428433372703,512.9035,6.6088714699881885,2.5954179763793945,1.5643500000000001,0.48,0.5295209266536689,0.2,0.45625,0.6125,0.05,0.595,0.9833333333333334,1.0,1.0,0.0,0.6666666666666666,47.76499999999999,"['quote_volume_24h<100000', 'top_of_book_quote<75', 'depth_10bps<250']",quote_volume_24h<100000; top_of_book_quote<75; depth_10bps<250,False
nonkyc,CAKE/USDT,CAKE-USDT,CAKE,USDT,True,active,1.404,15557.8728,11166.06,1.401,1.411,85.2878464818764,0.18213000000000001,0.001,0.01,,,market.getlist.priceDecimals/quantityDecimals,1774315830414.0,False,0.6952789699570815,0.7173913043478262,0.0,56.17512595633514,1.401,1.413,1.407,0.01200000000000001,0.18213000000000001,1640.26692,54,58,0.0,0.0,0.0,0.0,0.0,0.0,0.0,0.0,0.0,288,1774229400.0,1774315500.0,288,0,1.0,0.0,28.167919380164378,29.04125695692993,0.03790087463556849,-0.13855047520625938,22.923875000000002,200,3.6768682396492296,589.95526,10.845938791540018,5.1212475299835205,1.57192,0.515,0.33026885473242706,0.25,0.45625,0.20625000000000004,0.3875,0.7975,1.0,1.0,0.7580174927113698,0.0,0.5860058309037899,46.9550583090379,"['quote_volume_24h<100000', 'top_of_book_quote<75', 'depth_10bps<250']",quote_volume_24h<100000; top_of_book_quote<75; depth_10bps<250,False
nonkyc,FREED/USDT,FREED-USDT,FREED,USDT,True,active,0.003444,49688.7525,14440909.1616,0.003426,0.003456,87.18395815170032,0.39474224639999994,1e-06,0.0001,,,market.getlist.priceDecimals/quantityDecimals,1774312963754.0,False,0.8111587982832618,0.37826086956521743,0.0,54.07025564470984,0.003426,0.003456,0.0034409999999999996,3.000000000000008e-05,0.4186236252,0.39474224639999994,70,200,0.0,0.0,0.0,0.0,0.0,0.0,0.0,0.0,0.0,288,1774222500.0,1774315800.0,312,24,0.9230769230769231,0.0,56.753253706231334,40.34857355121037,0.002214489085732374,-0.42107435121463443,139.630373451,200,1.5104920667079422,5362.4974870093,40.50004955934412,0.5374181270599365,27.8906627402,0.43,0.6509598200104716,0.475,0.45625,0.16249999999999998,0.625,0.475,0.9576923076923078,1.0,0.04428978171464747,0.0,0.3480965939048825,46.8828890159719,"['quote_volume_24h<100000', 'top_of_book_quote<75', 'depth_10bps<250', 'coverage_ratio<0.95']",quote_volume_24h<100000; top_of_book_quote<75; depth_10bps<250; coverage_ratio<0.95,False
nonkyc,APE/USDT,APE-USDT,APE,USDT,True,active,0.0905,15505.2878,171136.32,0.0903,0.091,77.22007722007636,0.170667,0.0001,0.01,,,market.getlist.priceDecimals/quantityDecimals,1774315820491.0,False,0.6909871244635193,0.691304347826087,0.0,55.286900541145734,0.0903,0.091,0.09065000000000001,0.0006999999999999923,0.170667,343.05089,58,56,0.0,0.0,0.0,0.0,0.0,0.0,0.0,0.0,0.0,288,1774229100.0,1774315500.0,289,1,0.9965397923875432,0.0,32.524761997120365,31.623657709104318,0.028680688336519853,-0.3038725558477362,27.0792705,200,3.430730828643163,668.959245,11.475095524636773,1.4798219203948975,2.554369,0.435,0.4211956678627134,0.2375,0.45625,0.36250000000000004,0.2625,0.693125,0.9980968858131487,1.0,0.573613766730397,0.0,0.5245379222434656,46.26884808056614,"['quote_volume_24h<100000', 'top_of_book_quote<75', 'depth_10bps<250']",quote_volume_24h<100000; top_of_book_quote<75; depth_10bps<250,False
nonkyc,DIVI/USDT,DIVI-USDT,DIVI,USDT,True,active,0.0014594,32884.9948,23057782.0,0.0014494,0.0014618,85.18823852706846,0.6285740000000001,1e-07,1.0,,,market.getlist.priceDecimals/quantityDecimals,1774315764902.0,False,0.7811158798283262,0.4434782608695652,0.0,54.04832991229708,0.0014494,0.0014618,0.0014556,1.2400000000000085e-05,0.6391854,0.6285740000000001,55,158,0.0,0.0,0.0,0.0,0.0,0.0,0.0,0.0,0.0,288,1774224900.0,1774315500.0,303,15,0.9504950495049505,0.0,62.56785515417788,62.5361655238792,0.014032877026175613,-0.2735020193813338,76.6938088,200,1.3652468895474636,3347.3560017,22.8498368476448,15.388479948043823,18.179630500000002,0.515,0.7344658867937153,0.4,0.45625,0.22499999999999998,0.6875,0.275,0.9727722772277227,1.0,0.2806575405235122,0.0,0.42688584684117076,45.12158124068893,"['quote_volume_24h<100000', 'top_of_book_quote<75', 'depth_10bps<250']",quote_volume_24h<100000; top_of_book_quote<75; depth_10bps<250,False
nonkyc,XVG/USDT,XVG-USDT,XVG,USDT,True,active,0.004898,28927.7515,6024681.28,0.004858,0.004899,84.04222609408501,0.16254881999999998,1e-06,0.01,,,market.getlist.priceDecimals/quantityDecimals,1774315550182.0,False,0.7682403433476395,0.6260869565217391,0.0,57.90539279716364,0.004858,0.004899,0.0048785,4.099999999999937e-05,0.16930130000000002,0.16254881999999998,62,73,0.0,0.0,0.0,0.0,0.0,0.0,0.0,0.0,0.0,288,1774214700.0,1774315800.0,338,50,0.8520710059171598,0.0,35.19523075999921,44.061083281146,0.055371268180658136,-0.3775273487428249,39.73513084,200,2.432181161856534,969.56715046,11.790814792518658,58.37814736366272,3.24489945,0.505,0.4187803250308751,0.3625,0.45625,0.3125,0.1875,0.35062499999999996,0.918639053254438,1.0,1.0,0.0,0.6666666666666666,44.38555719921104,"['quote_volume_24h<100000', 'top_of_book_quote<75', 'depth_10bps<250', 'coverage_ratio<0.95']",quote_volume_24h<100000; top_of_book_quote<75; depth_10bps<250; coverage_ratio<0.95,False
nonkyc,TRMP/USDT,TRMP-USDT,TRMP,USDT,True,active,1.015e-06,38887.8164,38172050565.2233,1.053e-06,1.062e-06,85.10638297872379,0.3938581242756,1e-09,0.0001,,,market.getlist.priceDecimals/quantityDecimals,1774314996969.0,False,0.7896995708154506,0.4521739130434783,0.0,54.73782422093674,1.053e-06,1.062e-06,1.0575e-06,9.000000000000041e-09,0.4224222302625,0.3938581242756,70,200,0.0,0.0,0.0,0.0,0.0,0.0,0.0,0.0,0.0,288,1774211700.0,1774315500.0,347,59,0.829971181556196,0.0,90.58482934697925,164.42959377926226,0.010288065843621417,-0.10053529843018191,85.19838265547949,200,1.589615992484228,3650.7357284744003,29.016339491582322,21.975133895874023,19.6790630674,0.485,1.0643717448270014,0.425,0.45625,0.23750000000000004,0.6125,0.246875,0.9064841498559079,1.0,0.20576131687242832,0.03218587241350068,0.4126490630953097,44.17883212951218,"['quote_volume_24h<100000', 'top_of_book_quote<75', 'depth_10bps<250', 'coverage_ratio<0.95']",quote_volume_24h<100000; top_of_book_quote<75; depth_10bps<250; coverage_ratio<0.95,False
nonkyc,TRUMP/USDT,TRUMP-USDT,TRUMP,USDT,True,active,3.278,20618.4181,6312.02,3.269,3.297,85.2878464818764,0.16345,0.001,0.01,,,market.getlist.priceDecimals/quantityDecimals,1774312916019.0,False,0.7339055793991416,0.4391304347826087,0.0,51.34306773651801,3.269,3.297,3.2830000000000004,0.028000000000000025,0.16345,0.16485000000000002,58,76,0.0,0.0,0.0,0.0,0.0,0.0,0.0,0.0,0.0,288,1774219200.0,1774315500.0,322,34,0.8944099378881988,0.0,23.408235042603135,30.36283206484964,0.04645161290322598,-0.25757617651777237,24.20453,200,3.4216323581007195,669.00129,11.445382307375617,9.103336811065674,2.266305,0.485,0.27446155587452153,0.3125,0.45625,0.20625000000000004,0.2,0.5625,0.9419254658385094,1.0,0.9290322580645196,0.0,0.6430107526881732,44.12436218526683,"['quote_volume_24h<100000', 'top_of_book_quote<75', 'depth_10bps<250', 'coverage_ratio<0.95']",quote_volume_24h<100000; top_of_book_quote<75; depth_10bps<250; coverage_ratio<0.95,False
nonkyc,LKY/USDT,LKY-USDT,LKY,USDT,True,active,0.109781,17696.6549,160781.1915,0.109191,0.110135,86.08190547404325,3.4996916601,1e-06,0.0001,,,market.getlist.priceDecimals/quantityDecimals,1774312968807.0,False,0.721030042918455,0.4,0.0,49.65665236051503,0.109191,0.110135,0.109663,0.0009440000000000004,3.4996916601,3.504958267,58,200,0.0,0.0,0.0,0.0,0.0,0.0,0.0,0.0,0.0,288,1774225200.0,1774315500.0,302,14,0.9536423841059603,0.0,73.87773168398712,53.606216239775385,0.0026248280477377105,-0.48576389009590093,46.176793042,200,1.645287751879693,1419.9299831972003,11.680967049405458,4.964339256286621,7.39947081885,0.48,0.8582260264471478,0.2875,0.45625,0.17500000000000004,0.85,0.41625,0.9745033112582782,1.0,0.05249656095475421,0.0,0.3508321869849181,43.87335498243196,"['quote_volume_24h<100000', 'top_of_book_quote<75', 'depth_10bps<250']",quote_volume_24h<100000; top_of_book_quote<75; depth_10bps<250,False
nonkyc,IOTA/USDT,IOTA-USDT,IOTA,USDT,True,active,0.0585,57381.1889,984947.08,0.0584,0.059,102.21465076660927,0.116216,0.0001,0.01,,,market.getlist.priceDecimals/quantityDecimals,1774315805985.0,False,0.8283261802575107,0.29130434782608694,0.0,52.840548609815265,0.0584,0.059,0.0587,0.0005999999999999964,0.116216,850.48028,49,41,0.0,0.0,0.0,0.0,0.0,0.0,0.0,0.0,0.0,288,1774227900.0,1774315500.0,293,5,0.9829351535836177,0.0,25.13831317390517,30.876933357063297,0.034920634920635116,-0.3011365280458111,94.478781,200,3.1637268175576447,2204.163834,34.866861159582385,145.45514106750488,9.3386475,0.46,0.2459364972180404,0.5125,0.45625,0.09999999999999998,0.125,0.355625,0.9906143344709899,1.0,0.6984126984127023,0.0,0.5661375661375674,43.86001900608557,"['quote_volume_24h<100000', 'spread_bps>90', 'top_of_book_quote<75', 'depth_10bps<250']",quote_volume_24h<100000; spread_bps>90; top_of_book_quote<75; depth_10bps<250,False
nonkyc,BQC/USDT,BQC-USDT,BQC,USDT,True,active,0.000573,15689.2173,35578337.554,0.00057,0.000574,69.93006993006973,0.0049261254,1e-06,0.0001,,,market.getlist.priceDecimals/quantityDecimals,1774313074371.0,False,0.6995708154506438,0.7347826086956522,0.0,56.84596006717671,0.00057,0.000574,0.000572,3.999999999999989e-06,0.008415024,0.0049261254,56,200,0.0,0.0,0.0,0.0,0.0,0.0,0.0,0.0,0.0,288,1774225500.0,1774315500.0,301,13,0.9568106312292359,0.0,43.410624613749036,120.30330817402455,0.3973333333333333,-0.029753412862743828,6.166559878,200,1.6860899546208645,99.45069153419999,0.8384140598795643,6.63545560836792,0.47551148145,0.535,0.620771931976613,0.2625,0.45625,0.4375,0.0125,0.389375,0.9762458471760798,1.0,1.0,0.0,0.6666666666666666,43.626625138427464,"['quote_volume_24h<100000', 'top_of_book_quote<75', 'depth_10bps<250']",quote_volume_24h<100000; top_of_book_quote<75; depth_10bps<250,False
nonkyc,ZEPH/USDT,ZEPH-USDT,ZEPH,USDT,True,active,0.403556,11509.807,27730.6757,0.403447,0.406891,85.00156724724751,0.6477745032,1e-06,0.0001,,,market.getlist.priceDecimals/quantityDecimals,1774315781098.0,False,0.6738197424892703,0.5173913043478261,0.0,49.99486844560552,0.403447,0.406891,0.405169,0.0034440000000000026,0.6477745032,0.6486656322000001,68,200,0.0,0.0,0.0,0.0,0.0,0.0,0.0,0.0,0.0,288,1774226100.0,1774315500.0,299,11,0.9632107023411371,0.0,59.1516172575244,44.387896566144846,0.026168130935004197,-0.36569015427103685,27.972716997,200,1.94741271620248,964.825702955,9.394569214267818,83.6283106803894,4.98293918335,0.515,0.6958885485660246,0.2125,0.45625,0.25,0.7125,0.255625,0.9797658862876255,1.0,0.5233626187000839,0.0,0.5077875395666946,41.868034258543204,"['quote_volume_24h<100000', 'top_of_book_quote<75', 'depth_10bps<250']",quote_volume_24h<100000; top_of_book_quote<75; depth_10bps<250,False
nonkyc,0G/USDT,0G-USDT,0G,USDT,True,active,0.5226,60912.0254,115533.64,0.5225,0.5287,117.96042617960396,0.163897,0.0001,0.01,,,market.getlist.priceDecimals/quantityDecimals,1774313099219.0,False,0.8326180257510729,0.18260869565217386,0.0,50.35920880761336,0.5225,0.5287,0.5256,0.006199999999999983,0.172425,0.163897,32,27,0.0,0.0,0.0,0.0,0.0,0.0,0.0,0.0,0.0,288,1774222500.0,1774315500.0,311,23,0.9260450160771704,0.0,50.9199952277211,60.550409795242096,0.016057878948297143,-0.1889670502860466,115.10843700000001,200,1.3234484965192816,1787.1829080000002,11.82622266298779,7.001993656158447,5.51343,0.475,0.4316701530917787,0.525,0.45625,0.025000000000000022,0.2125,0.32375,0.9593247588424438,1.0,0.3211575789659428,0.0,0.4403858596553143,41.70710618497758,"['quote_volume_24h<100000', 'spread_bps>90', 'top_of_book_quote<75', 'depth_10bps<250', 'coverage_ratio<0.95']",quote_volume_24h<100000; spread_bps>90; top_of_book_quote<75; depth_10bps<250; coverage_ratio<0.95,False
nonkyc,NOOK/USDT,NOOK-USDT,NOOK,USDT,True,active,4.7007e-12,2456.2052,523387534445253.56,4.6848e-12,4.7008e-12,34.094783498124634,0.21562903614762535,1e-16,0.0001,,,market.getlist.priceDecimals/quantityDecimals,1774312904003.0,False,0.5364806866952789,0.8347826086956522,0.0,50.37600298563165,4.6848e-12,4.7008e-12,4.6928e-12,1.5999999999999932e-14,0.21562903614762535,1.4012019253301349,40,200,0.0,0.0,0.0,0.0,0.0,0.0,0.21562903614762535,1.4012019253301349,0.21562903614762535,288,1774213200.0,1774315200.0,341,53,0.844574780058651,0.0,17.431895539658186,19.491877604591824,0.010573230287800425,-0.48210431772319057,7.199373094430436,200,0.497386688886671,589.2762257888,1.465490753923628,15.915631532669067,3.1464997228,0.45,0.5112774961781769,0.05,0.45625,0.6875,0.5,0.193125,0.9145161290322581,0.7859912949715154,0.2114646057560085,0.0,0.33248530024250794,40.11251429274766,"['quote_volume_24h<100000', 'top_of_book_quote<75', 'depth_10bps<250', 'coverage_ratio<0.95']",quote_volume_24h<100000; top_of_book_quote<75; depth_10bps<250; coverage_ratio<0.95,False
nonkyc,MEWC/USDT,MEWC-USDT,MEWC,USDT,True,active,2.632e-05,4543.7677,165360082.2719,2.631e-05,2.65e-05,71.95606892633965,0.44182608739800006,1e-08,0.0001,,,market.getlist.priceDecimals/quantityDecimals,1774313300891.0,False,0.6008583690987125,0.7130434782608696,0.0,50.873297256950934,2.631e-05,2.65e-05,2.6405000000000002e-05,1.8999999999999987e-07,0.44182608739800006,716.44008340575,176,200,0.0,0.0,0.0,0.0,0.0,0.0,0.0,0.0,0.0,288,1774204800.0,1774315500.0,370,82,0.7783783783783784,0.0,41.28131430846365,57.743135901050685,0.07345971563981031,-0.18844802197096186,15.14367337806,200,0.4230277705052165,1092.1788786338002,2.3101099801067195,320.2250118255615,6.50034377535,0.48,0.5737016338499913,0.1125,0.45625,0.4,0.65,0.05812500000000002,0.8781081081081081,1.0,1.0,0.0,0.6666666666666666,39.57024774774775,"['quote_volume_24h<100000', 'top_of_book_quote<75', 'depth_10bps<250', 'coverage_ratio<0.95']",quote_volume_24h<100000; top_of_book_quote<75; depth_10bps<250; coverage_ratio<0.95,False
nonkyc,RVN/USDT,RVN-USDT,RVN,USDT,True,active,0.005705,4317.227,799036.29,0.005678,0.005706,49.19184820801168,0.23438784000000001,1e-06,0.01,,,market.getlist.priceDecimals/quantityDecimals,1774315665069.0,False,0.592274678111588,0.7956521739130434,0.0,52.466411643963426,0.005678,0.005706,0.005692,2.8000000000000247e-05,0.23438784000000001,24.72170148,66,162,0.0,0.0,0.0,0.0,0.0,0.0,0.23438784000000001,24.72170148,0.23438784000000001,288,1774192800.0,1774315500.0,410,122,0.7024390243902439,0.0,34.178688767135725,59.28535473710345,0.026527135556096208,-0.19323796538358623,6.730946273999999,200,0.3768349270215033,379.92855272,0.7158517421881329,291.88441252708435,0.46386572000000004,0.48,0.6948039159376244,0.1,0.45625,0.6,0.5375,0.04625,0.8363414634146342,1.0,0.5305427111219241,0.0,0.5101809037073081,39.44522367121942,"['quote_volume_24h<100000', 'top_of_book_quote<75', 'depth_10bps<250', 'coverage_ratio<0.95']",quote_volume_24h<100000; top_of_book_quote<75; depth_10bps<250; coverage_ratio<0.95,False
nonkyc,ERG/USDT,ERG-USDT,ERG,USDT,True,active,0.293,2288.2349,7868.647,0.293,0.2941,37.47232158065031,4.3547418,1e-06,0.0001,,,market.getlist.priceDecimals/quantityDecimals,1774315616864.0,False,0.5321888412017167,0.817391304347826,0.0,49.705168874790076,0.293,0.2941,0.29355,0.0010999999999999899,4.3547418,31.227596819999995,45,200,0.0,0.0,0.0,0.0,0.0,0.0,4.3547418,77.24462503999999,4.3547418,288,1774194600.0,1774315500.0,404,116,0.7128712871287128,0.0,13.461676889019664,23.727720483888568,0.01623200265242648,-0.4669500417507353,8.8890123125,200,0.4080108302399277,1000.9903970719001,2.0420746148575044,356.5184624195099,1.98527812,0.3,0.35924320461561443,0.0375,0.45625,0.6625,0.8625,0.04562499999999999,0.8420792079207922,0.45513974075163866,0.32464005304852955,0.0,0.2599265979333894,39.09255805854181,"['quote_volume_24h<100000', 'top_of_book_quote<75', 'depth_10bps<250', 'coverage_ratio<0.95']",quote_volume_24h<100000; top_of_book_quote<75; depth_10bps<250; coverage_ratio<0.95,False
nonkyc,RXD/USDT,RXD-USDT,RXD,USDT,True,active,9.5201e-05,2489.3491,25782936.0,9.4877e-05,9.5201e-05,34.09126779532531,0.030900490130000003,1e-09,0.01,,,market.getlist.priceDecimals/quantityDecimals,1774313556815.0,False,0.5407725321888412,0.8391304347826087,0.0,50.720750139951484,9.4877e-05,9.5201e-05,9.5039e-05,3.2399999999999215e-07,0.030900490130000003,4.6791777025100005,56,200,0.0,0.0,0.0,0.0,0.0,0.0,0.030900490130000003,4.6791777025100005,0.030900490130000003,288,1774219800.0,1774315500.0,320,32,0.9,0.0,38.51231831559901,44.87711375048434,0.025589947900704835,-0.37316356861097655,6.87598659264,200,0.7022753428470075,463.9892743679,1.6292411336702561,87.5857675075531,2.5335724134,0.505,1.1296827840729329,0.0625,0.45625,0.7,0.0375,0.10437500000000002,0.9450000000000001,1.0,0.5117989580140967,0.06484139203646644,0.5255467833501877,38.08296783350188,"['quote_volume_24h<100000', 'top_of_book_quote<75', 'depth_10bps<250', 'coverage_ratio<0.95']",quote_volume_24h<100000; top_of_book_quote<75; depth_10bps<250; coverage_ratio<0.95,False
nonkyc,RIC/USDT,RIC-USDT,RIC,USDT,True,active,0.01048266,8476.5987,814564.009,0.01039395,0.01048267,84.994601616544,0.429252465285,1e-08,0.0001,,,market.getlist.priceDecimals/quantityDecimals,1774312764224.0,False,0.648068669527897,0.5521739130434782,0.0,49.448124650121294,0.01039395,0.01048267,0.01043831,8.871999999999873e-05,0.429252465285,0.430079839959,32,49,0.0,0.0,0.0,0.0,0.0,0.0,0.0,0.0,0.0,288,1774224900.0,1774315500.0,303,15,0.9504950495049505,0.0,61.5916223030557,46.30105649361527,0.0010200806077684372,-0.5152054362181274,22.31195780304,200,1.42219912990813,960.2356760365,6.828231714829276,77.95272755622864,5.0727086663000005,0.385,0.7246533442315357,0.1625,0.45625,0.26249999999999996,0.6375,0.18687499999999999,0.9727722772277227,1.0,0.02040161215536874,0.0,0.34013387071845624,37.69656147946179,"['quote_volume_24h<100000', 'top_of_book_quote<75', 'depth_10bps<250']",quote_volume_24h<100000; top_of_book_quote<75; depth_10bps<250,False
